firstname,middlename,email,dob
Virgie,Jordan,virgie.jordan@gmail.com,Thu, 18 Oct 1962 16:54:24 GMT
Kellen,Bowie,kellen.bowie@gmail.com,Tue, 28 Sep 1948 11:41:02 GMT
Nakia,Greer,nakia.greer@gmail.com,Thu, 26 Mar 1992 23:42:27 GMT
Hadley,Kennedy,hadley.kennedy@gmail.com,Sun, 04 Dec 1977 02:28:04 GMT
Marcellus,Micah,marcellus.micah@gmail.com,Thu, 24 Jan 1963 05:20:11 GMT
Annetta,Avery,annetta.avery@gmail.com,Tue, 28 May 1963 11:26:59 GMT
Garth,Sage,garth.sage@gmail.com,Sun, 20 Apr 1975 18:35:15 GMT
Karine,London,karine.london@gmail.com,Thu, 29 Nov 1951 11:25:15 GMT
Alessia,Kyle,alessia.kyle@gmail.com,Tue, 12 Jan 1993 05:12:37 GMT
Camden,Finley,camden.finley@gmail.com,Thu, 21 Oct 1954 00:03:32 GMT
Reuben,Corey,reuben.corey@gmail.com,Wed, 02 Mar 1960 16:41:11 GMT
Jensen,Jaden,jensen.jaden@gmail.com,Fri, 29 Aug 1958 06:26:16 GMT
Deonte,Ellis,deonte.ellis@gmail.com,Thu, 27 Jun 1991 02:47:38 GMT
Llewellyn,Addison,llewellyn.addison@gmail.com,Tue, 06 Mar 1951 09:54:06 GMT
Guadalupe,Shawn,guadalupe.shawn@gmail.com,Thu, 20 Jan 1977 01:51:34 GMT
Ava,Billie,ava.billie@gmail.com,Thu, 01 May 1997 19:51:39 GMT
Yasmine,Harper,yasmine.harper@gmail.com,Wed, 18 Oct 1978 11:00:06 GMT
Aliyah,Emerson,aliyah.emerson@gmail.com,Thu, 29 Mar 1990 17:21:56 GMT
Myrna,Emerson,myrna.emerson@gmail.com,Mon, 21 Jan 1963 15:31:38 GMT
Lavinia,Leslie,lavinia.leslie@gmail.com,Sat, 20 Sep 1975 17:15:28 GMT
Kaylie,Addison,kaylie.addison@gmail.com,Tue, 11 Oct 1966 21:11:50 GMT
Lydia,Shawn,lydia.shawn@gmail.com,Tue, 11 Nov 1997 01:57:09 GMT
Ewell,Rowan,ewell.rowan@gmail.com,Wed, 31 Oct 1945 17:26:56 GMT
Jaylen,August,jaylen.august@gmail.com,Thu, 27 Jul 1978 11:22:08 GMT
Ivy,Sage,ivy.sage@gmail.com,Sun, 12 Jul 1998 17:22:01 GMT
Barney,Avery,barney.avery@gmail.com,Sat, 20 Mar 1982 18:15:29 GMT
Adele,Charlie,adele.charlie@gmail.com,Wed, 24 Dec 2003 17:36:03 GMT
Jazmyne,Ellis,jazmyne.ellis@gmail.com,Tue, 23 Apr 1963 20:13:26 GMT
Erick,Hayden,erick.hayden@gmail.com,Wed, 30 Aug 1950 09:52:57 GMT
Mathilde,Angel,mathilde.angel@gmail.com,Thu, 17 Dec 1992 09:23:54 GMT
Jaleel,James,jaleel.james@gmail.com,Mon, 24 Sep 1973 15:33:43 GMT
Romaine,River,romaine.river@gmail.com,Sat, 21 Nov 1992 06:58:33 GMT
Allene,Elliott,allene.elliott@gmail.com,Sun, 07 Aug 1983 10:33:05 GMT
Major,Bowie,major.bowie@gmail.com,Fri, 24 Nov 1995 16:56:06 GMT
Geo,Gray,geo.gray@gmail.com,Sun, 22 Jul 1956 22:29:00 GMT
Ole,Jamie,ole.jamie@gmail.com,Fri, 20 Aug 1993 14:04:10 GMT
Dario,Charlie,dario.charlie@gmail.com,Wed, 01 Feb 1995 11:41:52 GMT
Velda,Alex,velda.alex@gmail.com,Mon, 22 Nov 1954 23:47:36 GMT
Carroll,Kyle,carroll.kyle@gmail.com,Sat, 08 Nov 1952 13:50:57 GMT
Shane,Greer,shane.greer@gmail.com,Mon, 08 Feb 1982 07:25:59 GMT
Giovani,Reign,giovani.reign@gmail.com,Thu, 04 Aug 1988 23:42:56 GMT
Randi,Hayden,randi.hayden@gmail.com,Thu, 03 Sep 1953 22:53:34 GMT
Darlene,Sasha,darlene.sasha@gmail.com,Mon, 26 Jul 1999 04:02:42 GMT
Gene,Greer,gene.greer@gmail.com,Wed, 28 Sep 1966 20:50:55 GMT
Bobbie,Bailey,bobbie.bailey@gmail.com,Wed, 02 Feb 2000 07:51:34 GMT
Karl,London,karl.london@gmail.com,Fri, 05 Mar 1993 14:23:28 GMT
Dangelo,Brooklyn,dangelo.brooklyn@gmail.com,Tue, 14 Mar 1989 17:19:35 GMT
Margarette,Reagan,margarette.reagan@gmail.com,Wed, 11 Mar 1992 11:09:30 GMT
Ahmad,Marlowe,ahmad.marlowe@gmail.com,Tue, 07 Jan 1975 14:07:38 GMT
Vallie,Corey,vallie.corey@gmail.com,Sun, 03 Mar 1968 22:13:47 GMT
Kelvin,Brooklyn,kelvin.brooklyn@gmail.com,Sat, 03 Dec 1983 05:19:04 GMT
Vivienne,Riley,vivienne.riley@gmail.com,Sun, 03 Jun 1962 00:53:36 GMT
Pat,Drew,pat.drew@gmail.com,Wed, 20 Nov 1957 13:44:04 GMT
David,Gray,david.gray@gmail.com,Mon, 27 Jan 1975 23:47:57 GMT
Bill,Finley,bill.finley@gmail.com,Sat, 17 Nov 1984 02:33:43 GMT
Kip,Taylor,kip.taylor@gmail.com,Sat, 06 Sep 1947 15:42:22 GMT
Myles,Gray,myles.gray@gmail.com,Sat, 13 Feb 1954 01:29:59 GMT
Connie,Nico,connie.nico@gmail.com,Fri, 07 May 1993 10:28:37 GMT
Marjolaine,Nico,marjolaine.nico@gmail.com,Sat, 08 Sep 1984 16:10:05 GMT
Gilda,Billie,gilda.billie@gmail.com,Fri, 09 Jun 1995 11:39:16 GMT
Omari,Robin,omari.robin@gmail.com,Sun, 31 Dec 1950 10:24:26 GMT
Marilie,Gray,marilie.gray@gmail.com,Wed, 07 Apr 1982 19:00:33 GMT
Hipolito,Reese,hipolito.reese@gmail.com,Wed, 14 Jan 1981 23:23:58 GMT
Theodora,Leslie,theodora.leslie@gmail.com,Wed, 19 Aug 1998 13:25:35 GMT
Helene,Quinn,helene.quinn@gmail.com,Tue, 12 Jun 1945 13:19:56 GMT
Odell,Jordan,odell.jordan@gmail.com,Sun, 13 Dec 1981 04:24:42 GMT
Ward,Shiloh,ward.shiloh@gmail.com,Fri, 04 May 1945 17:03:48 GMT
Esmeralda,Bailey,esmeralda.bailey@gmail.com,Thu, 08 Apr 1982 01:17:54 GMT
Miller,Robin,miller.robin@gmail.com,Sat, 26 Oct 1974 00:01:46 GMT
Heloise,Shawn,heloise.shawn@gmail.com,Sun, 02 Jun 1996 21:29:21 GMT
Eleanora,Quinn,eleanora.quinn@gmail.com,Tue, 12 Sep 1978 03:50:13 GMT
Cathryn,James,cathryn.james@gmail.com,Mon, 17 Apr 1967 02:52:41 GMT
Fredrick,Charlie,fredrick.charlie@gmail.com,Thu, 10 Jun 1965 17:24:18 GMT
Kaycee,Leslie,kaycee.leslie@gmail.com,Thu, 27 Jul 1978 17:37:59 GMT
Keara,Shiloh,keara.shiloh@gmail.com,Sat, 22 Oct 1960 03:11:17 GMT
Jakayla,Hayden,jakayla.hayden@gmail.com,Sun, 12 Mar 1944 09:59:22 GMT
Krystal,Sawyer,krystal.sawyer@gmail.com,Wed, 29 Sep 1965 18:01:54 GMT
Clara,Rory,clara.rory@gmail.com,Mon, 07 Jul 1980 00:25:17 GMT
Dino,Dakota,dino.dakota@gmail.com,Fri, 17 Jun 2005 00:54:41 GMT
Cornell,Leslie,cornell.leslie@gmail.com,Mon, 10 Dec 1990 04:41:33 GMT
Kristina,Addison,kristina.addison@gmail.com,Sat, 08 Jul 1961 17:19:30 GMT
Darren,River,darren.river@gmail.com,Tue, 18 May 1943 04:14:35 GMT
Adrian,Finley,adrian.finley@gmail.com,Fri, 07 Dec 1945 23:06:47 GMT
Cortney,Shiloh,cortney.shiloh@gmail.com,Sun, 19 Dec 1948 00:18:09 GMT
Casimer,Emerson,casimer.emerson@gmail.com,Wed, 17 Sep 1986 10:12:45 GMT
Major,Kennedy,major.kennedy@gmail.com,Thu, 06 May 2004 08:52:03 GMT
Zane,Reese,zane.reese@gmail.com,Tue, 22 Sep 1964 16:21:16 GMT
Maximilian,James,maximilian.james@gmail.com,Wed, 17 Aug 1955 16:40:44 GMT
Marjolaine,Reign,marjolaine.reign@gmail.com,Sat, 11 Mar 1961 12:55:37 GMT
Mario,Gray,mario.gray@gmail.com,Thu, 28 Jan 1988 01:19:46 GMT
Antonetta,Kyle,antonetta.kyle@gmail.com,Tue, 07 Mar 1972 08:11:38 GMT
Jeremie,Logan,jeremie.logan@gmail.com,Mon, 08 Dec 1958 02:50:21 GMT
Eryn,Riley,eryn.riley@gmail.com,Thu, 24 Aug 2000 02:51:27 GMT
Estell,River,estell.river@gmail.com,Mon, 15 Dec 1958 13:53:31 GMT
Myrtle,London,myrtle.london@gmail.com,Thu, 21 Feb 1985 14:21:53 GMT
Mazie,Ellis,mazie.ellis@gmail.com,Thu, 12 Apr 1979 20:26:17 GMT
Kole,Greer,kole.greer@gmail.com,Wed, 05 Jan 1977 04:28:30 GMT
Christy,Jaden,christy.jaden@gmail.com,Sat, 28 Jul 1984 05:18:00 GMT
Arvid,London,arvid.london@gmail.com,Fri, 18 Nov 2005 05:47:35 GMT
Stanford,Robin,stanford.robin@gmail.com,Fri, 28 Mar 1952 08:05:39 GMT
Leonel,Rory,leonel.rory@gmail.com,Fri, 07 Mar 2003 08:37:31 GMT
Citlalli,North,citlalli.north@gmail.com,Mon, 22 May 1978 02:03:00 GMT
Scottie,Brooklyn,scottie.brooklyn@gmail.com,Fri, 27 Nov 1992 11:02:49 GMT
Nathanael,Phoenix,nathanael.phoenix@gmail.com,Sat, 21 Jan 1956 02:33:15 GMT
Angelita,James,angelita.james@gmail.com,Sat, 28 Aug 1993 04:45:05 GMT
Alexandrea,Ryan,alexandrea.ryan@gmail.com,Mon, 08 Sep 1958 01:01:42 GMT
Lucile,James,lucile.james@gmail.com,Thu, 09 Oct 1958 07:12:12 GMT
Immanuel,Austin,immanuel.austin@gmail.com,Thu, 01 Jul 1993 23:31:34 GMT
Ivy,Brooklyn,ivy.brooklyn@gmail.com,Sat, 11 Feb 1978 02:11:57 GMT
Dena,Cameron,dena.cameron@gmail.com,Wed, 15 Nov 1961 08:56:34 GMT
Kamren,Riley,kamren.riley@gmail.com,Mon, 18 Jun 1979 01:02:52 GMT
Herman,Sawyer,herman.sawyer@gmail.com,Sat, 06 Jan 1962 02:39:35 GMT
Darrick,August,darrick.august@gmail.com,Mon, 27 Nov 1978 19:11:52 GMT
Maci,August,maci.august@gmail.com,Sat, 26 Apr 1975 19:07:14 GMT
Merl,Reagan,merl.reagan@gmail.com,Mon, 26 Jun 1944 18:50:48 GMT
Yesenia,Micah,yesenia.micah@gmail.com,Sun, 19 Apr 1981 20:18:38 GMT
Salma,Leslie,salma.leslie@gmail.com,Tue, 02 Jul 2002 05:42:18 GMT
Kayleigh,Shiloh,kayleigh.shiloh@gmail.com,Tue, 28 May 1957 10:08:45 GMT
Hellen,Ellis,hellen.ellis@gmail.com,Thu, 23 Dec 1965 04:07:12 GMT
Nicholaus,Jamie,nicholaus.jamie@gmail.com,Tue, 01 Mar 1994 19:54:07 GMT
Roosevelt,Riley,roosevelt.riley@gmail.com,Tue, 03 Jun 1986 19:03:35 GMT
Katelin,Noah,katelin.noah@gmail.com,Mon, 28 Nov 1966 05:24:22 GMT
Ariel,Sawyer,ariel.sawyer@gmail.com,Thu, 06 Dec 1945 09:21:44 GMT
Austen,August,austen.august@gmail.com,Sun, 06 Dec 1953 09:01:37 GMT
Rosetta,Austin,rosetta.austin@gmail.com,Sat, 20 Feb 1999 06:17:51 GMT
Cedrick,Leslie,cedrick.leslie@gmail.com,Thu, 28 Jun 1984 16:36:02 GMT
Yasmeen,Kennedy,yasmeen.kennedy@gmail.com,Thu, 19 Apr 1951 23:17:30 GMT
Chaim,Leslie,chaim.leslie@gmail.com,Mon, 08 May 1944 04:09:49 GMT
Elliot,James,elliot.james@gmail.com,Thu, 22 Jun 1961 03:08:04 GMT
Esperanza,Billie,esperanza.billie@gmail.com,Fri, 27 Jan 1978 06:26:11 GMT
Autumn,Reagan,autumn.reagan@gmail.com,Tue, 31 Mar 1992 02:32:24 GMT
Kade,Micah,kade.micah@gmail.com,Wed, 18 May 1949 07:00:52 GMT
Ronaldo,Cameron,ronaldo.cameron@gmail.com,Mon, 09 Jan 1995 08:38:18 GMT
Austyn,Quinn,austyn.quinn@gmail.com,Sat, 07 Jun 1947 10:37:20 GMT
Alvis,Taylor,alvis.taylor@gmail.com,Mon, 27 Jan 1969 19:22:29 GMT
Calista,Ryan,calista.ryan@gmail.com,Tue, 07 Mar 1967 03:23:18 GMT
Paul,Sasha,paul.sasha@gmail.com,Tue, 08 Nov 1977 04:38:36 GMT
Margaretta,Shawn,margaretta.shawn@gmail.com,Sun, 10 Dec 2000 18:47:55 GMT
Augustine,Greer,augustine.greer@gmail.com,Tue, 07 Feb 1989 03:28:50 GMT
Neal,Harper,neal.harper@gmail.com,Tue, 01 Jan 1974 05:13:22 GMT
Amanda,James,amanda.james@gmail.com,Tue, 23 Oct 1962 14:51:25 GMT
Quinton,Kai,quinton.kai@gmail.com,Tue, 17 Jan 1956 11:54:47 GMT
Ernest,Corey,ernest.corey@gmail.com,Thu, 19 Sep 1996 01:27:54 GMT
Juanita,Arden,juanita.arden@gmail.com,Tue, 21 Nov 1978 05:42:11 GMT
Anissa,Billie,anissa.billie@gmail.com,Tue, 20 May 1986 16:38:47 GMT
Nyasia,Hayden,nyasia.hayden@gmail.com,Mon, 05 Oct 1953 12:11:23 GMT
Lou,Kyle,lou.kyle@gmail.com,Thu, 13 Aug 1964 17:47:02 GMT
Lonny,Greer,lonny.greer@gmail.com,Wed, 23 Jul 1997 18:12:59 GMT
Vaughn,Robin,vaughn.robin@gmail.com,Thu, 11 Nov 1943 13:57:51 GMT
Dortha,Reagan,dortha.reagan@gmail.com,Fri, 19 Dec 1980 06:36:26 GMT
Asia,Rory,asia.rory@gmail.com,Sun, 06 Dec 1981 00:28:09 GMT
Johathan,North,johathan.north@gmail.com,Sun, 23 Dec 1973 00:35:29 GMT
Xander,Shiloh,xander.shiloh@gmail.com,Sun, 25 Feb 1962 02:20:07 GMT
Reyna,Bailey,reyna.bailey@gmail.com,Mon, 04 Mar 1957 18:38:28 GMT
Myrl,River,myrl.river@gmail.com,Sun, 20 Jun 2004 10:35:37 GMT
Dereck,Marlowe,dereck.marlowe@gmail.com,Mon, 28 Jan 1974 07:27:14 GMT
Ted,Bowie,ted.bowie@gmail.com,Wed, 07 Nov 1990 18:23:55 GMT
Justus,Leslie,justus.leslie@gmail.com,Wed, 14 Jul 1943 21:06:18 GMT
Andre,James,andre.james@gmail.com,Tue, 21 Oct 2003 05:20:24 GMT
Shanie,Arden,shanie.arden@gmail.com,Fri, 04 Jul 1947 21:18:31 GMT
Tremaine,Elliott,tremaine.elliott@gmail.com,Tue, 21 Dec 1965 11:54:15 GMT
Kole,Harper,kole.harper@gmail.com,Sun, 13 Apr 1980 20:36:22 GMT
Arnold,Harper,arnold.harper@gmail.com,Thu, 11 Jun 1964 01:52:14 GMT
Zoey,Quinn,zoey.quinn@gmail.com,Wed, 19 Feb 1986 09:58:36 GMT
Toby,Phoenix,toby.phoenix@gmail.com,Wed, 28 May 1975 19:53:59 GMT
Dell,Robin,dell.robin@gmail.com,Mon, 22 Aug 2005 05:58:15 GMT
Floyd,River,floyd.river@gmail.com,Thu, 05 Nov 1998 00:19:14 GMT
Marlen,Kendall,marlen.kendall@gmail.com,Sun, 26 Sep 1965 01:47:48 GMT
Dixie,Corey,dixie.corey@gmail.com,Fri, 12 Sep 1997 02:02:39 GMT
Hal,Rory,hal.rory@gmail.com,Wed, 09 Apr 1952 09:02:03 GMT
Murphy,Bowie,murphy.bowie@gmail.com,Tue, 09 Mar 1943 18:27:51 GMT
Guido,Billie,guido.billie@gmail.com,Thu, 27 Feb 1975 17:09:47 GMT
Reymundo,Nico,reymundo.nico@gmail.com,Thu, 24 Oct 2002 13:54:24 GMT
Gretchen,Austin,gretchen.austin@gmail.com,Thu, 24 Jun 2004 04:17:37 GMT
Sylvester,Phoenix,sylvester.phoenix@gmail.com,Sun, 31 Mar 1974 13:28:14 GMT
Lelah,Sawyer,lelah.sawyer@gmail.com,Thu, 14 Sep 1978 23:53:51 GMT
Katrine,Brooklyn,katrine.brooklyn@gmail.com,Wed, 13 Dec 1950 23:10:33 GMT
Margarette,Sawyer,margarette.sawyer@gmail.com,Wed, 20 Feb 1957 21:22:20 GMT
Bonnie,Kennedy,bonnie.kennedy@gmail.com,Wed, 09 Jun 1993 16:15:24 GMT
Katharina,Ryan,katharina.ryan@gmail.com,Fri, 18 Nov 1955 17:45:53 GMT
Asha,Cameron,asha.cameron@gmail.com,Thu, 07 Apr 1966 22:00:19 GMT
Edison,Kennedy,edison.kennedy@gmail.com,Tue, 07 Jul 1959 05:38:33 GMT
Louisa,August,louisa.august@gmail.com,Mon, 15 Dec 1952 03:03:52 GMT
Nickolas,Reese,nickolas.reese@gmail.com,Sat, 06 Oct 1951 19:17:25 GMT
Kiana,Hayden,kiana.hayden@gmail.com,Wed, 26 Apr 1944 21:16:29 GMT
Virginia,Austin,virginia.austin@gmail.com,Mon, 15 Jan 1945 18:14:56 GMT
Leif,Kai,leif.kai@gmail.com,Sat, 16 Mar 1963 12:27:11 GMT
Yesenia,Micah,yesenia.micah@gmail.com,Mon, 10 Aug 1970 02:02:12 GMT
Trisha,Rory,trisha.rory@gmail.com,Sat, 01 Feb 1986 07:14:04 GMT
Beatrice,Jamie,beatrice.jamie@gmail.com,Wed, 26 Jan 1949 06:52:54 GMT
Betty,Jaden,betty.jaden@gmail.com,Thu, 11 Mar 1999 01:11:59 GMT
Jeramie,Reagan,jeramie.reagan@gmail.com,Tue, 25 Jul 1978 22:28:14 GMT
Willow,Sawyer,willow.sawyer@gmail.com,Sat, 09 Jul 1988 07:11:49 GMT
Lempi,Sasha,lempi.sasha@gmail.com,Tue, 18 Jan 2000 10:56:00 GMT
Fern,Reign,fern.reign@gmail.com,Mon, 18 Jun 2001 15:41:29 GMT
Makayla,Rory,makayla.rory@gmail.com,Sat, 08 Dec 1956 06:13:00 GMT
Elwyn,Arden,elwyn.arden@gmail.com,Fri, 05 Aug 1994 00:25:20 GMT
Arlie,North,arlie.north@gmail.com,Wed, 06 Apr 1994 13:25:39 GMT
Laisha,Jaden,laisha.jaden@gmail.com,Sat, 20 Dec 1947 17:04:54 GMT
Darron,Robin,darron.robin@gmail.com,Fri, 05 Mar 1982 04:46:58 GMT
Rory,Dakota,rory.dakota@gmail.com,Fri, 28 Oct 1977 15:09:32 GMT
Gregg,Charlie,gregg.charlie@gmail.com,Fri, 15 Oct 1999 22:51:43 GMT
Lily,Noah,lily.noah@gmail.com,Wed, 04 Jan 1995 14:02:30 GMT
Jennyfer,Parker,jennyfer.parker@gmail.com,Thu, 17 Feb 1949 07:17:07 GMT
Tyra,Shawn,tyra.shawn@gmail.com,Sat, 31 Oct 1953 12:48:16 GMT
Toy,Drew,toy.drew@gmail.com,Mon, 23 Jan 1995 19:24:49 GMT
Pearline,Kyle,pearline.kyle@gmail.com,Wed, 22 Oct 1947 12:30:21 GMT
Nannie,Finley,nannie.finley@gmail.com,Sat, 21 Dec 1957 09:06:17 GMT
Ladarius,Hayden,ladarius.hayden@gmail.com,Sat, 25 Jan 1992 00:42:47 GMT
Royal,Drew,royal.drew@gmail.com,Fri, 17 Jul 1998 00:18:17 GMT
Rupert,Anderson,rupert.anderson@gmail.com,Wed, 29 Jun 1966 05:22:13 GMT
Sherman,North,sherman.north@gmail.com,Sat, 17 Aug 1963 04:31:13 GMT
Karina,Avery,karina.avery@gmail.com,Thu, 31 May 1979 10:23:42 GMT
Kris,Taylor,kris.taylor@gmail.com,Sat, 09 Jul 1960 10:55:02 GMT
Wilford,River,wilford.river@gmail.com,Tue, 08 Jun 1943 14:15:40 GMT
Jacinto,Addison,jacinto.addison@gmail.com,Mon, 28 Apr 1947 00:33:08 GMT
Gaston,James,gaston.james@gmail.com,Fri, 28 Feb 2003 04:42:56 GMT
Juana,Blake,juana.blake@gmail.com,Sat, 08 Oct 1977 23:58:35 GMT
Chase,Kennedy,chase.kennedy@gmail.com,Wed, 17 Jan 1968 11:27:33 GMT
Timmothy,Parker,timmothy.parker@gmail.com,Wed, 17 Feb 1982 12:04:15 GMT
Vena,Reagan,vena.reagan@gmail.com,Tue, 23 Feb 1982 03:00:40 GMT
Arianna,Bowie,arianna.bowie@gmail.com,Mon, 01 Aug 1966 13:13:23 GMT
Chaz,Avery,chaz.avery@gmail.com,Wed, 30 Aug 1967 20:52:18 GMT
Marge,Hayden,marge.hayden@gmail.com,Thu, 20 May 1976 03:35:45 GMT
Domenick,Reese,domenick.reese@gmail.com,Wed, 17 Feb 1993 09:50:50 GMT
Americo,Rory,americo.rory@gmail.com,Mon, 10 Jun 1974 04:37:02 GMT
Kendra,Quinn,kendra.quinn@gmail.com,Thu, 22 Apr 1993 00:39:01 GMT
Creola,Quinn,creola.quinn@gmail.com,Fri, 29 Apr 1955 00:31:29 GMT
Tyreek,Taylor,tyreek.taylor@gmail.com,Wed, 21 Sep 1994 14:30:33 GMT
Erwin,Angel,erwin.angel@gmail.com,Fri, 05 Mar 1993 17:32:48 GMT
Beau,Dakota,beau.dakota@gmail.com,Fri, 01 May 1987 08:48:01 GMT
Jalen,Kyle,jalen.kyle@gmail.com,Thu, 30 Nov 1950 15:16:53 GMT
Beaulah,Angel,beaulah.angel@gmail.com,Wed, 17 Nov 1948 09:51:13 GMT
Constance,Drew,constance.drew@gmail.com,Mon, 11 Oct 1971 15:06:43 GMT
August,Hayden,august.hayden@gmail.com,Mon, 22 May 1972 01:33:09 GMT
Dewayne,Blake,dewayne.blake@gmail.com,Tue, 12 Jul 1949 13:03:05 GMT
Jordon,London,jordon.london@gmail.com,Thu, 30 Dec 1954 02:51:44 GMT
Rickey,Robin,rickey.robin@gmail.com,Sat, 03 Jul 2004 17:49:05 GMT
Ernestina,Shawn,ernestina.shawn@gmail.com,Mon, 04 Mar 1968 23:07:04 GMT
Clarabelle,Kennedy,clarabelle.kennedy@gmail.com,Fri, 06 Jan 1950 10:52:45 GMT
Anderson,Rory,anderson.rory@gmail.com,Wed, 19 Sep 1956 02:17:30 GMT
Pascale,Phoenix,pascale.phoenix@gmail.com,Thu, 18 Oct 2001 14:38:56 GMT
Jalyn,Nico,jalyn.nico@gmail.com,Tue, 08 May 1990 00:51:39 GMT
Charlotte,Alex,charlotte.alex@gmail.com,Fri, 19 Aug 1966 12:53:12 GMT
Aaliyah,Skyler,aaliyah.skyler@gmail.com,Sat, 14 Apr 1979 00:44:21 GMT
Jenifer,Marlowe,jenifer.marlowe@gmail.com,Sun, 27 Aug 2000 16:23:03 GMT
Providenci,Blake,providenci.blake@gmail.com,Thu, 03 Apr 2003 21:54:05 GMT
Faye,Bowie,faye.bowie@gmail.com,Sat, 01 Nov 2003 09:31:50 GMT
Ramiro,James,ramiro.james@gmail.com,Sun, 30 Jul 1972 21:07:16 GMT
Isabelle,Greer,isabelle.greer@gmail.com,Fri, 17 Jun 1988 19:16:09 GMT
Emery,Kyle,emery.kyle@gmail.com,Mon, 10 Jul 1961 06:45:02 GMT
Madge,Bailey,madge.bailey@gmail.com,Sun, 26 Dec 1993 22:34:53 GMT
Raleigh,Jules,raleigh.jules@gmail.com,Fri, 15 Nov 1974 00:39:20 GMT
Dolores,Ellis,dolores.ellis@gmail.com,Sun, 29 May 1977 22:08:02 GMT
Twila,Shawn,twila.shawn@gmail.com,Thu, 29 Dec 1988 07:31:41 GMT
Connor,Shiloh,connor.shiloh@gmail.com,Sun, 27 May 1951 16:42:23 GMT
Verna,Reagan,verna.reagan@gmail.com,Sat, 12 Feb 1949 11:56:53 GMT
Eddie,Kendall,eddie.kendall@gmail.com,Tue, 27 Feb 1945 00:38:46 GMT
Tavares,Cameron,tavares.cameron@gmail.com,Mon, 29 Aug 1949 02:27:23 GMT
Payton,James,payton.james@gmail.com,Tue, 17 Apr 1979 12:01:41 GMT
Anita,Cameron,anita.cameron@gmail.com,Wed, 20 Oct 1993 10:38:41 GMT
Estrella,Phoenix,estrella.phoenix@gmail.com,Thu, 07 Dec 1995 22:20:43 GMT
Fredrick,Alex,fredrick.alex@gmail.com,Wed, 30 Nov 1960 03:10:13 GMT
Austin,Noah,austin.noah@gmail.com,Tue, 22 Apr 1947 16:28:49 GMT
Gracie,Alex,gracie.alex@gmail.com,Tue, 03 Jul 1979 14:50:11 GMT
Santos,Finley,santos.finley@gmail.com,Sun, 09 Feb 1975 05:09:28 GMT
Rita,Sawyer,rita.sawyer@gmail.com,Thu, 23 Oct 1958 17:43:50 GMT
Ellsworth,Marlowe,ellsworth.marlowe@gmail.com,Mon, 25 Mar 2002 07:35:38 GMT
Dennis,Robin,dennis.robin@gmail.com,Wed, 18 Nov 1970 16:07:13 GMT
Kattie,Brooklyn,kattie.brooklyn@gmail.com,Fri, 19 Jan 2001 12:05:56 GMT
Marta,Logan,marta.logan@gmail.com,Wed, 27 Jan 1999 20:53:08 GMT
Alaina,Harper,alaina.harper@gmail.com,Sun, 15 Jan 1956 19:49:35 GMT
Immanuel,Jordan,immanuel.jordan@gmail.com,Mon, 21 Jun 1999 21:53:36 GMT
Marco,Corey,marco.corey@gmail.com,Sun, 03 Feb 1980 01:16:08 GMT
Guadalupe,Reagan,guadalupe.reagan@gmail.com,Sun, 18 Sep 1960 01:15:25 GMT
Bryce,Charlie,bryce.charlie@gmail.com,Thu, 08 May 1997 22:29:16 GMT
Michele,Greer,michele.greer@gmail.com,Tue, 15 Apr 1952 15:05:38 GMT
Leland,Sasha,leland.sasha@gmail.com,Sat, 23 Jun 2001 16:10:32 GMT
Shanna,Robin,shanna.robin@gmail.com,Fri, 21 Aug 1953 04:01:00 GMT
Katheryn,Finley,katheryn.finley@gmail.com,Sun, 09 Mar 2003 16:05:49 GMT
Avery,Jordan,avery.jordan@gmail.com,Sat, 17 Apr 1943 15:24:46 GMT
Rory,Micah,rory.micah@gmail.com,Sun, 01 Jun 1980 18:29:28 GMT
Guy,Reese,guy.reese@gmail.com,Mon, 29 Jul 2002 04:00:10 GMT
Hattie,August,hattie.august@gmail.com,Mon, 13 Aug 1973 02:42:59 GMT
Augustine,Leslie,augustine.leslie@gmail.com,Fri, 20 Jul 1984 09:21:44 GMT
Maxine,Austin,maxine.austin@gmail.com,Sun, 10 Feb 1946 20:32:29 GMT
Crystel,Angel,crystel.angel@gmail.com,Fri, 13 Aug 1954 19:35:59 GMT
Alberto,Angel,alberto.angel@gmail.com,Sat, 04 Oct 1975 11:39:28 GMT
Cydney,Noah,cydney.noah@gmail.com,Thu, 22 Oct 1953 21:53:21 GMT
Dahlia,Shawn,dahlia.shawn@gmail.com,Wed, 26 May 1999 22:50:36 GMT
Donna,Anderson,donna.anderson@gmail.com,Thu, 28 Dec 1995 02:18:31 GMT
Selena,Riley,selena.riley@gmail.com,Tue, 01 Dec 1987 03:00:44 GMT
Zena,Blake,zena.blake@gmail.com,Fri, 28 Apr 1972 21:45:19 GMT
Nakia,Kennedy,nakia.kennedy@gmail.com,Wed, 15 Dec 1954 21:06:37 GMT
Stanton,Quinn,stanton.quinn@gmail.com,Sat, 27 Jul 1996 23:51:51 GMT
Kari,Angel,kari.angel@gmail.com,Thu, 09 Feb 1956 14:38:26 GMT
Ashtyn,Kennedy,ashtyn.kennedy@gmail.com,Tue, 12 Jul 2005 05:18:01 GMT
Rubie,Sawyer,rubie.sawyer@gmail.com,Tue, 01 Sep 1981 19:57:57 GMT
Emory,Austin,emory.austin@gmail.com,Wed, 05 Jul 1967 07:59:09 GMT
Orpha,Hayden,orpha.hayden@gmail.com,Thu, 18 Jun 1953 23:39:34 GMT
Oswaldo,Gray,oswaldo.gray@gmail.com,Sat, 18 Oct 1958 19:39:57 GMT
Linnie,Logan,linnie.logan@gmail.com,Mon, 30 Apr 1990 18:50:33 GMT
Ola,Charlie,ola.charlie@gmail.com,Mon, 20 Jan 1969 17:31:24 GMT
Cortney,Sawyer,cortney.sawyer@gmail.com,Fri, 21 Dec 1951 12:05:35 GMT
Emely,Jordan,emely.jordan@gmail.com,Fri, 13 Mar 1953 22:36:26 GMT
Shanelle,Phoenix,shanelle.phoenix@gmail.com,Sat, 06 Aug 1966 12:40:21 GMT
Dion,Jordan,dion.jordan@gmail.com,Thu, 03 Feb 1944 01:46:16 GMT
Monica,Ellis,monica.ellis@gmail.com,Tue, 09 Mar 1993 17:10:25 GMT
Tom,Sasha,tom.sasha@gmail.com,Thu, 05 Aug 1976 02:12:40 GMT
Gunnar,Sawyer,gunnar.sawyer@gmail.com,Sat, 29 May 1943 14:27:51 GMT
Skylar,Logan,skylar.logan@gmail.com,Sat, 15 Nov 1947 11:23:45 GMT
Holden,Phoenix,holden.phoenix@gmail.com,Thu, 24 Jun 2004 07:43:51 GMT
Yasmeen,Austin,yasmeen.austin@gmail.com,Tue, 14 Jan 1958 10:35:17 GMT
Holly,Gray,holly.gray@gmail.com,Wed, 06 Dec 1944 05:17:48 GMT
Kellie,Elliott,kellie.elliott@gmail.com,Wed, 13 Sep 2000 18:27:34 GMT
Marlee,Shawn,marlee.shawn@gmail.com,Thu, 20 May 2004 16:05:11 GMT
Shany,Anderson,shany.anderson@gmail.com,Wed, 04 Aug 1971 11:52:05 GMT
Esta,Charlie,esta.charlie@gmail.com,Thu, 08 Oct 1992 04:48:18 GMT
Fausto,Ryan,fausto.ryan@gmail.com,Thu, 22 May 1997 02:59:37 GMT
Clemens,Corey,clemens.corey@gmail.com,Fri, 18 Feb 1994 18:55:16 GMT
Dante,Reagan,dante.reagan@gmail.com,Sat, 05 Oct 1996 08:19:05 GMT
Destin,Marlowe,destin.marlowe@gmail.com,Sun, 12 Mar 1972 09:08:09 GMT
Jairo,Avery,jairo.avery@gmail.com,Thu, 13 Feb 1997 00:16:30 GMT
Paula,Nico,paula.nico@gmail.com,Tue, 09 Mar 1971 19:38:33 GMT
Adolphus,Harper,adolphus.harper@gmail.com,Thu, 19 Dec 1968 21:53:40 GMT
Berneice,Anderson,berneice.anderson@gmail.com,Wed, 09 Sep 1992 08:08:47 GMT
Colin,Sage,colin.sage@gmail.com,Sat, 16 Dec 1989 19:02:45 GMT
Magdalena,Arden,magdalena.arden@gmail.com,Wed, 27 Aug 1986 02:30:55 GMT
Maude,London,maude.london@gmail.com,Tue, 09 Mar 1965 05:59:02 GMT
April,Sawyer,april.sawyer@gmail.com,Thu, 15 Dec 1983 16:03:35 GMT
Madyson,River,madyson.river@gmail.com,Mon, 17 May 1943 03:01:23 GMT
Tatum,Riley,tatum.riley@gmail.com,Wed, 14 Jul 1982 23:09:39 GMT
Demond,Greer,demond.greer@gmail.com,Tue, 02 Jul 1985 23:53:49 GMT
Trace,August,trace.august@gmail.com,Mon, 19 Oct 1964 18:52:58 GMT
Darron,Dakota,darron.dakota@gmail.com,Tue, 27 May 1969 09:37:02 GMT
Francisco,Charlie,francisco.charlie@gmail.com,Wed, 18 Oct 1995 19:21:13 GMT
Heather,Noah,heather.noah@gmail.com,Sun, 31 Mar 1968 11:23:24 GMT
Jaylen,Logan,jaylen.logan@gmail.com,Thu, 27 Sep 1956 14:46:18 GMT
Dorthy,Austin,dorthy.austin@gmail.com,Tue, 21 Nov 1972 12:10:51 GMT
Oral,Kennedy,oral.kennedy@gmail.com,Wed, 18 Mar 1987 19:07:44 GMT
Cecilia,Bowie,cecilia.bowie@gmail.com,Wed, 27 Jan 1960 22:19:14 GMT
Lucile,Noah,lucile.noah@gmail.com,Tue, 20 Jan 1953 15:18:11 GMT
Kelli,Greer,kelli.greer@gmail.com,Thu, 19 Oct 2000 21:14:27 GMT
Merritt,Emerson,merritt.emerson@gmail.com,Thu, 13 Jun 1946 14:54:21 GMT
Jordy,River,jordy.river@gmail.com,Fri, 07 Oct 1949 05:02:53 GMT
Afton,Anderson,afton.anderson@gmail.com,Tue, 13 Apr 1954 03:02:31 GMT
Elinor,Leslie,elinor.leslie@gmail.com,Fri, 16 Oct 1987 16:45:11 GMT
Bette,Cameron,bette.cameron@gmail.com,Thu, 23 Nov 1995 17:36:34 GMT
Rosalind,Ryan,rosalind.ryan@gmail.com,Fri, 11 Apr 1969 19:58:31 GMT
Abigail,Rowan,abigail.rowan@gmail.com,Tue, 28 Jul 1953 16:07:37 GMT
Clifton,Alex,clifton.alex@gmail.com,Tue, 21 Sep 1948 13:22:11 GMT
Bridgette,Jules,bridgette.jules@gmail.com,Tue, 20 Sep 1977 01:44:59 GMT
Dashawn,Elliott,dashawn.elliott@gmail.com,Tue, 13 Apr 1948 23:49:22 GMT
Dulce,Drew,dulce.drew@gmail.com,Sun, 17 Jul 1949 08:46:37 GMT
Sven,Kai,sven.kai@gmail.com,Tue, 10 Aug 2004 22:45:13 GMT
Gianni,Gray,gianni.gray@gmail.com,Sun, 19 Jun 2005 20:15:07 GMT
Johnathon,Greer,johnathon.greer@gmail.com,Sun, 08 Apr 1951 06:57:34 GMT
Susan,Riley,susan.riley@gmail.com,Fri, 25 Sep 1981 04:59:30 GMT
Alexzander,Finley,alexzander.finley@gmail.com,Mon, 07 Jan 1957 09:51:39 GMT
Consuelo,Angel,consuelo.angel@gmail.com,Thu, 18 Nov 2004 03:25:40 GMT
Jerad,Micah,jerad.micah@gmail.com,Sat, 22 Nov 1969 16:05:17 GMT
Cathrine,Taylor,cathrine.taylor@gmail.com,Fri, 24 Nov 1995 13:55:27 GMT
Edwardo,Sage,edwardo.sage@gmail.com,Wed, 21 Jan 1998 07:31:17 GMT
Wilfred,Kendall,wilfred.kendall@gmail.com,Wed, 18 Nov 1959 23:52:52 GMT
Mayra,Ellis,mayra.ellis@gmail.com,Tue, 27 Nov 1979 00:01:02 GMT
Favian,Greer,favian.greer@gmail.com,Wed, 11 Dec 1946 17:34:39 GMT
Liam,Reign,liam.reign@gmail.com,Mon, 04 Jul 1955 20:07:21 GMT
Nicola,Quinn,nicola.quinn@gmail.com,Mon, 03 Nov 1975 10:12:08 GMT
Rowland,Shiloh,rowland.shiloh@gmail.com,Mon, 01 Dec 1947 13:26:38 GMT
Maryam,Elliott,maryam.elliott@gmail.com,Mon, 08 Nov 1943 07:49:32 GMT
Savanna,Cameron,savanna.cameron@gmail.com,Mon, 08 Sep 1969 16:36:45 GMT
Isac,Corey,isac.corey@gmail.com,Sat, 29 May 1971 21:15:48 GMT
Elizabeth,Blake,elizabeth.blake@gmail.com,Fri, 19 Aug 1966 03:19:08 GMT
Lizeth,Logan,lizeth.logan@gmail.com,Sat, 19 May 1990 11:31:41 GMT
Ayana,Nico,ayana.nico@gmail.com,Wed, 29 Jan 2003 22:52:34 GMT
Eugenia,Sage,eugenia.sage@gmail.com,Sun, 01 Oct 1978 10:01:31 GMT
Fernando,Quinn,fernando.quinn@gmail.com,Sun, 18 Aug 1963 18:53:36 GMT
Tamia,River,tamia.river@gmail.com,Thu, 14 Sep 1944 12:16:21 GMT
Vergie,Logan,vergie.logan@gmail.com,Fri, 23 Dec 1966 21:43:17 GMT
Reina,Sawyer,reina.sawyer@gmail.com,Thu, 07 Sep 1989 10:40:12 GMT
Albertha,Austin,albertha.austin@gmail.com,Thu, 20 Dec 1956 15:05:52 GMT
Marjorie,Anderson,marjorie.anderson@gmail.com,Sun, 29 Jul 1979 18:16:29 GMT
Furman,Reign,furman.reign@gmail.com,Wed, 11 Aug 1971 05:55:38 GMT
Mervin,Jordan,mervin.jordan@gmail.com,Fri, 17 Jun 1949 00:04:09 GMT
Giovani,Taylor,giovani.taylor@gmail.com,Tue, 14 Jul 1959 10:57:02 GMT
Bette,Logan,bette.logan@gmail.com,Tue, 10 Oct 1989 20:43:55 GMT
Ike,Reese,ike.reese@gmail.com,Thu, 09 Jun 1960 02:58:18 GMT
Noah,Charlie,noah.charlie@gmail.com,Sun, 26 Nov 2000 00:07:55 GMT
Skylar,Jamie,skylar.jamie@gmail.com,Tue, 10 Nov 1992 00:23:44 GMT
Maryse,Elliott,maryse.elliott@gmail.com,Fri, 30 Sep 1983 16:17:46 GMT
Elyse,Noah,elyse.noah@gmail.com,Sat, 03 Nov 1962 04:49:32 GMT
Lacy,Shiloh,lacy.shiloh@gmail.com,Sun, 23 Nov 1969 11:37:29 GMT
Meggie,Sage,meggie.sage@gmail.com,Sun, 01 Mar 1970 15:24:43 GMT
Genevieve,Cameron,genevieve.cameron@gmail.com,Mon, 02 Dec 1996 18:29:45 GMT
Immanuel,Corey,immanuel.corey@gmail.com,Sun, 12 Aug 1951 01:05:56 GMT
Candace,Quinn,candace.quinn@gmail.com,Sat, 26 Jun 1948 08:31:28 GMT
Rodrick,Noah,rodrick.noah@gmail.com,Mon, 21 Oct 1991 20:19:50 GMT
Margaret,Jordan,margaret.jordan@gmail.com,Thu, 24 Jul 1969 00:46:37 GMT
Aimee,Jamie,aimee.jamie@gmail.com,Sat, 24 Nov 1984 03:56:36 GMT
Vivien,Sasha,vivien.sasha@gmail.com,Tue, 18 Apr 1967 08:25:46 GMT
Deangelo,Taylor,deangelo.taylor@gmail.com,Wed, 10 Jul 1946 15:27:56 GMT
Amaya,Elliott,amaya.elliott@gmail.com,Wed, 14 Feb 1962 22:48:39 GMT
Cielo,Noah,cielo.noah@gmail.com,Thu, 30 May 1963 19:10:40 GMT
Anastasia,North,anastasia.north@gmail.com,Thu, 27 Jun 2002 08:01:52 GMT
Violet,Kyle,violet.kyle@gmail.com,Tue, 05 Dec 1961 17:25:21 GMT
Jess,Robin,jess.robin@gmail.com,Sun, 16 Dec 1945 23:05:28 GMT
Mable,Brooklyn,mable.brooklyn@gmail.com,Tue, 08 Oct 1996 19:21:11 GMT
Callie,Sage,callie.sage@gmail.com,Wed, 13 Apr 1994 01:31:34 GMT
Sim,Austin,sim.austin@gmail.com,Mon, 07 Feb 1977 07:15:28 GMT
Kyla,Kennedy,kyla.kennedy@gmail.com,Sun, 10 Feb 2002 13:23:24 GMT
Michelle,Greer,michelle.greer@gmail.com,Tue, 04 May 1954 16:49:56 GMT
Kyra,Bowie,kyra.bowie@gmail.com,Tue, 19 Apr 1960 19:24:33 GMT
Ulises,Addison,ulises.addison@gmail.com,Thu, 18 Jan 1968 01:38:39 GMT
Rosalind,Kai,rosalind.kai@gmail.com,Mon, 26 Oct 1981 04:11:57 GMT
Quentin,Leslie,quentin.leslie@gmail.com,Sun, 06 Feb 1994 20:26:58 GMT
Tad,Billie,tad.billie@gmail.com,Tue, 11 May 1954 04:05:05 GMT
Kamryn,Harper,kamryn.harper@gmail.com,Thu, 06 Jan 1994 08:19:46 GMT
Sandrine,Avery,sandrine.avery@gmail.com,Wed, 20 Oct 1965 12:20:51 GMT
Aliyah,Ellis,aliyah.ellis@gmail.com,Wed, 09 Jun 1954 08:10:39 GMT
Paul,Shiloh,paul.shiloh@gmail.com,Tue, 29 Oct 1974 11:37:31 GMT
Twila,Brooklyn,twila.brooklyn@gmail.com,Fri, 11 Jun 1954 19:14:31 GMT
Henriette,Alex,henriette.alex@gmail.com,Sun, 16 Jan 1983 23:23:50 GMT
Colten,Phoenix,colten.phoenix@gmail.com,Wed, 18 Oct 1967 17:54:18 GMT
Major,Jordan,major.jordan@gmail.com,Mon, 24 Feb 1947 04:06:49 GMT
Rudolph,Billie,rudolph.billie@gmail.com,Fri, 05 Feb 1982 14:35:13 GMT
Jaycee,Phoenix,jaycee.phoenix@gmail.com,Sat, 04 Dec 1948 20:33:49 GMT
Kennedi,Sawyer,kennedi.sawyer@gmail.com,Tue, 01 Oct 1996 13:38:07 GMT
Adrianna,Parker,adrianna.parker@gmail.com,Sat, 29 Sep 1979 18:49:49 GMT
Dereck,Sage,dereck.sage@gmail.com,Tue, 18 Mar 1980 03:58:00 GMT
Frieda,Sasha,frieda.sasha@gmail.com,Tue, 14 Feb 1984 19:54:32 GMT
Ursula,Nico,ursula.nico@gmail.com,Tue, 31 May 1966 13:24:59 GMT
Lurline,Drew,lurline.drew@gmail.com,Sat, 18 Sep 1948 22:31:19 GMT
Emmanuelle,Cameron,emmanuelle.cameron@gmail.com,Thu, 01 May 1952 10:27:49 GMT
Brad,Billie,brad.billie@gmail.com,Wed, 25 Sep 1946 00:58:06 GMT
Tianna,Rory,tianna.rory@gmail.com,Mon, 17 Jan 1949 10:00:08 GMT
Beulah,North,beulah.north@gmail.com,Mon, 21 May 1990 23:29:22 GMT
Bonnie,Nico,bonnie.nico@gmail.com,Tue, 19 Feb 1952 16:47:24 GMT
Kaden,Ellis,kaden.ellis@gmail.com,Tue, 19 Nov 1946 05:40:27 GMT
Mia,Arden,mia.arden@gmail.com,Wed, 25 Jan 1989 19:24:18 GMT
Weldon,Alex,weldon.alex@gmail.com,Fri, 19 Jan 2001 18:51:33 GMT
Mazie,Rory,mazie.rory@gmail.com,Sun, 28 Mar 1976 03:20:35 GMT
Stefan,Jules,stefan.jules@gmail.com,Mon, 18 Aug 1958 10:43:03 GMT
Tyreek,Shawn,tyreek.shawn@gmail.com,Tue, 01 Jun 1965 17:25:22 GMT
Lewis,Drew,lewis.drew@gmail.com,Wed, 30 May 1956 12:23:48 GMT
Alfonso,Arden,alfonso.arden@gmail.com,Mon, 13 Dec 1999 03:41:17 GMT
Marilie,Cameron,marilie.cameron@gmail.com,Wed, 20 Dec 1967 10:18:15 GMT
Connie,Micah,connie.micah@gmail.com,Wed, 20 May 1992 09:38:03 GMT
Ferne,Jaden,ferne.jaden@gmail.com,Sat, 19 May 1979 00:50:16 GMT
Cicero,Addison,cicero.addison@gmail.com,Wed, 27 Nov 1991 00:05:35 GMT
Federico,Logan,federico.logan@gmail.com,Mon, 24 Mar 1958 11:56:59 GMT
Jade,Kyle,jade.kyle@gmail.com,Wed, 22 Apr 1959 10:05:56 GMT
Arielle,Logan,arielle.logan@gmail.com,Sat, 03 Oct 1964 05:37:26 GMT
Uriah,Sage,uriah.sage@gmail.com,Tue, 13 Mar 1962 23:13:38 GMT
Lafayette,Billie,lafayette.billie@gmail.com,Thu, 22 Apr 1954 19:00:03 GMT
Brook,Kennedy,brook.kennedy@gmail.com,Sat, 20 Jun 1987 22:28:51 GMT
Adonis,Shawn,adonis.shawn@gmail.com,Fri, 06 Mar 1964 23:10:43 GMT
Abby,Gray,abby.gray@gmail.com,Mon, 27 Oct 1952 13:12:19 GMT
Eudora,August,eudora.august@gmail.com,Sun, 29 Mar 1992 10:24:54 GMT
Johnnie,Reese,johnnie.reese@gmail.com,Fri, 05 May 1944 08:15:15 GMT
Ethyl,Nico,ethyl.nico@gmail.com,Sun, 21 Sep 1947 22:35:10 GMT
Elaina,Sage,elaina.sage@gmail.com,Sat, 20 Mar 1954 20:34:43 GMT
Hobart,Leslie,hobart.leslie@gmail.com,Sat, 28 Mar 1959 10:40:22 GMT
Jarvis,August,jarvis.august@gmail.com,Wed, 02 Dec 1987 13:22:55 GMT
Davonte,Shiloh,davonte.shiloh@gmail.com,Mon, 02 Oct 1950 20:17:33 GMT
Laura,Jordan,laura.jordan@gmail.com,Wed, 09 Oct 1996 12:07:12 GMT
Adolphus,Drew,adolphus.drew@gmail.com,Sun, 29 Mar 1992 23:57:44 GMT
Stephania,Anderson,stephania.anderson@gmail.com,Wed, 03 Jan 1962 19:35:13 GMT
Sasha,Parker,sasha.parker@gmail.com,Thu, 01 Aug 1957 16:11:33 GMT
Litzy,Sasha,litzy.sasha@gmail.com,Sun, 29 Oct 1995 22:31:01 GMT
Thaddeus,Jaden,thaddeus.jaden@gmail.com,Fri, 10 Jun 2005 05:26:35 GMT
Bulah,North,bulah.north@gmail.com,Mon, 01 Dec 2003 21:51:56 GMT
Jody,Bowie,jody.bowie@gmail.com,Sat, 24 Jan 1976 11:38:09 GMT
Zachary,Gray,zachary.gray@gmail.com,Wed, 04 Feb 2004 12:39:33 GMT
Magnolia,Harper,magnolia.harper@gmail.com,Wed, 08 Dec 1982 05:55:50 GMT
Milo,Austin,milo.austin@gmail.com,Fri, 16 Feb 2001 17:48:33 GMT
Tremaine,Drew,tremaine.drew@gmail.com,Sun, 20 Sep 1959 12:50:33 GMT
Micaela,Alex,micaela.alex@gmail.com,Sun, 23 May 1993 08:09:54 GMT
Yasmine,Ryan,yasmine.ryan@gmail.com,Fri, 05 Oct 1951 04:13:24 GMT
Kyla,Dakota,kyla.dakota@gmail.com,Thu, 18 Jul 1985 23:12:04 GMT
Alfredo,Cameron,alfredo.cameron@gmail.com,Tue, 27 Jan 1953 16:13:37 GMT
Annamae,Logan,annamae.logan@gmail.com,Sun, 15 Mar 1992 17:11:48 GMT
Edmund,Riley,edmund.riley@gmail.com,Fri, 25 Oct 1996 12:22:37 GMT
Alayna,Bowie,alayna.bowie@gmail.com,Wed, 15 Feb 1950 11:29:15 GMT
Albert,Ellis,albert.ellis@gmail.com,Mon, 08 Oct 1962 11:20:34 GMT
Jadyn,Shiloh,jadyn.shiloh@gmail.com,Fri, 24 Apr 1998 16:44:52 GMT
Dustin,Robin,dustin.robin@gmail.com,Mon, 18 Sep 1944 05:51:12 GMT
Ericka,Billie,ericka.billie@gmail.com,Sun, 27 May 1945 21:42:24 GMT
Eda,Bailey,eda.bailey@gmail.com,Thu, 08 Mar 2001 12:30:33 GMT
Burley,Ryan,burley.ryan@gmail.com,Tue, 25 Oct 1949 06:30:24 GMT
Glen,North,glen.north@gmail.com,Thu, 26 Jun 1969 14:40:22 GMT
Noe,Harper,noe.harper@gmail.com,Sun, 10 Jun 1984 04:48:44 GMT
Jamar,Drew,jamar.drew@gmail.com,Tue, 26 Oct 1993 09:04:07 GMT
Everett,Greer,everett.greer@gmail.com,Tue, 06 Jul 1943 17:50:55 GMT
Cassidy,Quinn,cassidy.quinn@gmail.com,Wed, 23 Feb 1983 05:47:21 GMT
Cayla,Riley,cayla.riley@gmail.com,Thu, 07 Sep 1967 15:19:52 GMT
Randy,Gray,randy.gray@gmail.com,Tue, 19 Aug 1952 06:24:07 GMT
Monserrat,Bowie,monserrat.bowie@gmail.com,Sat, 12 Feb 2000 19:48:19 GMT
Alaina,Noah,alaina.noah@gmail.com,Sat, 28 Jul 1990 23:08:28 GMT
Kenton,Nico,kenton.nico@gmail.com,Mon, 06 Jul 1981 06:05:24 GMT
Norberto,Sawyer,norberto.sawyer@gmail.com,Mon, 16 Oct 1950 04:09:05 GMT
Kailyn,North,kailyn.north@gmail.com,Sun, 17 May 1992 19:14:14 GMT
Delfina,River,delfina.river@gmail.com,Thu, 25 Oct 1979 03:10:42 GMT
Oleta,Sage,oleta.sage@gmail.com,Sun, 10 Nov 1957 11:01:40 GMT
Heath,Ryan,heath.ryan@gmail.com,Fri, 30 Oct 1981 18:05:05 GMT
Rosella,Charlie,rosella.charlie@gmail.com,Wed, 17 Sep 1997 22:15:53 GMT
Jadyn,Kendall,jadyn.kendall@gmail.com,Wed, 10 Jan 1973 11:32:38 GMT
Nels,Taylor,nels.taylor@gmail.com,Sun, 07 Apr 1968 05:05:27 GMT
Linnea,Parker,linnea.parker@gmail.com,Sun, 16 Dec 1956 22:28:23 GMT
Bethany,Bowie,bethany.bowie@gmail.com,Sun, 08 Jun 1975 11:45:20 GMT
Madyson,Jordan,madyson.jordan@gmail.com,Sat, 04 Sep 1943 11:01:34 GMT
Kailey,Reese,kailey.reese@gmail.com,Tue, 11 Oct 1966 08:35:08 GMT
Cortez,Shawn,cortez.shawn@gmail.com,Sat, 12 Jun 1971 18:11:14 GMT
Kacie,Leslie,kacie.leslie@gmail.com,Fri, 22 Feb 1957 08:49:04 GMT
Nayeli,Kendall,nayeli.kendall@gmail.com,Tue, 09 Jan 1973 12:03:13 GMT
Therese,Dakota,therese.dakota@gmail.com,Sun, 28 Mar 1999 13:19:49 GMT
Delta,Kendall,delta.kendall@gmail.com,Sat, 25 Oct 1969 03:44:26 GMT
Jed,Rory,jed.rory@gmail.com,Tue, 24 Oct 1961 16:05:34 GMT
Marcel,Avery,marcel.avery@gmail.com,Mon, 08 Dec 1952 16:12:46 GMT
Hadley,Bowie,hadley.bowie@gmail.com,Sat, 14 Dec 1996 10:12:31 GMT
Felipe,Emerson,felipe.emerson@gmail.com,Mon, 23 Dec 1957 05:03:44 GMT
Cristopher,Harper,cristopher.harper@gmail.com,Wed, 20 Jun 1962 09:25:23 GMT
Sim,Ellis,sim.ellis@gmail.com,Sat, 26 Aug 1967 11:55:15 GMT
Simone,Micah,simone.micah@gmail.com,Wed, 07 Jul 1999 22:08:16 GMT
Abraham,Corey,abraham.corey@gmail.com,Thu, 17 Dec 1953 18:53:40 GMT
Sven,Kai,sven.kai@gmail.com,Sat, 08 Nov 1980 05:36:53 GMT
Steve,Blake,steve.blake@gmail.com,Tue, 09 Oct 2001 10:37:46 GMT
Anais,Kyle,anais.kyle@gmail.com,Sat, 10 May 1997 21:50:48 GMT
Evans,Rowan,evans.rowan@gmail.com,Mon, 09 Jan 1950 08:48:54 GMT
Franz,Sage,franz.sage@gmail.com,Mon, 18 Sep 1995 12:51:05 GMT
Addie,Shiloh,addie.shiloh@gmail.com,Mon, 14 Feb 1944 00:54:53 GMT
Karley,Brooklyn,karley.brooklyn@gmail.com,Sat, 23 Apr 1955 13:15:34 GMT
Rossie,Kai,rossie.kai@gmail.com,Fri, 22 Mar 1957 23:31:17 GMT
Cody,London,cody.london@gmail.com,Sat, 28 Oct 1961 13:47:56 GMT
Luna,Finley,luna.finley@gmail.com,Sun, 23 Sep 1990 18:01:51 GMT
Carlos,Robin,carlos.robin@gmail.com,Thu, 15 Jun 1972 19:39:57 GMT
Cynthia,Blake,cynthia.blake@gmail.com,Mon, 08 Oct 1956 19:47:15 GMT
Pansy,Kai,pansy.kai@gmail.com,Sat, 14 Jan 1961 00:26:47 GMT
Angus,Quinn,angus.quinn@gmail.com,Tue, 31 Dec 1985 14:42:29 GMT
Saul,Elliott,saul.elliott@gmail.com,Sun, 21 Nov 1948 20:41:34 GMT
Darian,River,darian.river@gmail.com,Thu, 05 Sep 1946 14:52:23 GMT
Frank,Gray,frank.gray@gmail.com,Sun, 08 Apr 1945 04:02:04 GMT
Gardner,Taylor,gardner.taylor@gmail.com,Fri, 03 Feb 1989 12:21:10 GMT
Darwin,Corey,darwin.corey@gmail.com,Fri, 31 Jan 1947 21:44:55 GMT
Damon,Nico,damon.nico@gmail.com,Fri, 28 Sep 1984 08:08:48 GMT
Reginald,Cameron,reginald.cameron@gmail.com,Thu, 07 Jul 1994 16:33:43 GMT
Thaddeus,Corey,thaddeus.corey@gmail.com,Tue, 22 Sep 1953 00:59:05 GMT
Brittany,August,brittany.august@gmail.com,Thu, 09 Sep 1976 00:26:46 GMT
Tavares,Taylor,tavares.taylor@gmail.com,Sat, 24 Oct 1998 02:58:39 GMT
Else,Rowan,else.rowan@gmail.com,Sat, 10 Mar 1973 01:34:45 GMT
Kim,Greer,kim.greer@gmail.com,Mon, 23 Nov 1992 23:23:51 GMT
Emilia,Anderson,emilia.anderson@gmail.com,Fri, 09 Oct 1953 15:16:22 GMT
Anibal,Rowan,anibal.rowan@gmail.com,Thu, 30 Jun 1949 13:27:46 GMT
Kaleb,Quinn,kaleb.quinn@gmail.com,Sat, 14 Feb 1981 06:49:47 GMT
Stacey,Logan,stacey.logan@gmail.com,Thu, 16 Sep 1976 18:06:19 GMT
Cornelius,Phoenix,cornelius.phoenix@gmail.com,Thu, 20 Jun 1991 18:52:22 GMT
Delphine,Parker,delphine.parker@gmail.com,Wed, 17 Feb 1965 17:07:02 GMT
Elenor,Austin,elenor.austin@gmail.com,Tue, 17 Apr 1962 00:10:47 GMT
Leopoldo,August,leopoldo.august@gmail.com,Mon, 23 Aug 1943 14:16:17 GMT
Breana,Bailey,breana.bailey@gmail.com,Sun, 10 Nov 1974 13:13:51 GMT
Lorna,River,lorna.river@gmail.com,Sat, 02 Mar 1968 14:48:16 GMT
Alexandre,Drew,alexandre.drew@gmail.com,Tue, 02 Mar 1943 11:38:44 GMT
Marley,August,marley.august@gmail.com,Mon, 28 Feb 1977 16:16:10 GMT
Grayce,James,grayce.james@gmail.com,Tue, 22 Apr 1952 15:46:56 GMT
Jana,Addison,jana.addison@gmail.com,Wed, 02 Sep 1981 01:31:02 GMT
Ilene,Skyler,ilene.skyler@gmail.com,Wed, 03 Feb 1982 14:04:37 GMT
Rosanna,Drew,rosanna.drew@gmail.com,Mon, 11 Mar 1968 20:43:53 GMT
Timothy,Bowie,timothy.bowie@gmail.com,Sun, 09 Jun 1968 09:48:15 GMT
Caterina,Dakota,caterina.dakota@gmail.com,Sun, 30 Dec 1951 08:21:32 GMT
Brennan,Blake,brennan.blake@gmail.com,Tue, 02 Sep 1980 21:27:52 GMT
Rubye,Gray,rubye.gray@gmail.com,Wed, 07 Mar 1951 00:01:14 GMT
Joy,Kendall,joy.kendall@gmail.com,Sun, 08 Apr 1973 07:08:22 GMT
Arch,Reign,arch.reign@gmail.com,Tue, 11 Sep 1990 23:08:37 GMT
Adam,Riley,adam.riley@gmail.com,Fri, 29 May 1981 03:13:01 GMT
Adam,Drew,adam.drew@gmail.com,Mon, 06 Dec 1954 04:12:58 GMT
Rahul,Rowan,rahul.rowan@gmail.com,Mon, 18 Feb 1980 18:25:23 GMT
Dane,Arden,dane.arden@gmail.com,Thu, 27 Mar 1975 21:55:04 GMT
Makenzie,Shiloh,makenzie.shiloh@gmail.com,Thu, 13 Aug 1998 22:47:46 GMT
Nolan,Sage,nolan.sage@gmail.com,Sat, 07 Aug 1943 13:14:31 GMT
Elbert,Marlowe,elbert.marlowe@gmail.com,Mon, 04 Aug 1997 13:41:04 GMT
Eulah,Logan,eulah.logan@gmail.com,Sun, 28 Nov 1971 16:35:21 GMT
Will,Riley,will.riley@gmail.com,Sun, 02 Nov 1952 05:58:22 GMT
Laury,Dakota,laury.dakota@gmail.com,Fri, 19 Jan 1973 13:20:22 GMT
Robb,London,robb.london@gmail.com,Wed, 14 Mar 1979 19:07:59 GMT
Deanna,North,deanna.north@gmail.com,Sat, 10 Oct 1998 06:41:20 GMT
Allan,Avery,allan.avery@gmail.com,Mon, 14 Oct 1957 20:45:04 GMT
Maximilian,Shiloh,maximilian.shiloh@gmail.com,Tue, 26 May 1992 02:01:50 GMT
Kavon,Drew,kavon.drew@gmail.com,Sun, 12 May 1963 20:38:15 GMT
Dovie,Shiloh,dovie.shiloh@gmail.com,Tue, 17 Oct 2000 18:44:00 GMT
Rubie,Marlowe,rubie.marlowe@gmail.com,Fri, 17 Oct 1980 13:28:12 GMT
Yolanda,Avery,yolanda.avery@gmail.com,Wed, 08 Oct 1980 22:54:34 GMT
Natalia,London,natalia.london@gmail.com,Fri, 23 Aug 2002 04:38:50 GMT
Tom,Avery,tom.avery@gmail.com,Mon, 18 Aug 1980 13:40:16 GMT
Gust,Riley,gust.riley@gmail.com,Thu, 19 Oct 2000 09:53:41 GMT
Harvey,Skyler,harvey.skyler@gmail.com,Mon, 28 Aug 1967 00:20:40 GMT
Christop,Shiloh,christop.shiloh@gmail.com,Mon, 04 May 1998 17:10:09 GMT
Uriel,Marlowe,uriel.marlowe@gmail.com,Tue, 15 Mar 1955 18:20:30 GMT
Sammie,Logan,sammie.logan@gmail.com,Wed, 04 May 1960 04:56:44 GMT
Angie,Cameron,angie.cameron@gmail.com,Tue, 17 Jul 2001 20:50:17 GMT
Zander,Phoenix,zander.phoenix@gmail.com,Sat, 22 Feb 1986 14:51:19 GMT
Augustine,Gray,augustine.gray@gmail.com,Sat, 05 Sep 1992 12:44:55 GMT
Iliana,Logan,iliana.logan@gmail.com,Wed, 18 Sep 1996 01:24:37 GMT
Ena,James,ena.james@gmail.com,Sat, 03 Jan 1981 15:21:01 GMT
Hilbert,Charlie,hilbert.charlie@gmail.com,Tue, 12 Sep 1950 08:33:01 GMT
Camilla,Drew,camilla.drew@gmail.com,Thu, 09 Aug 1979 23:09:42 GMT
Jodie,Shiloh,jodie.shiloh@gmail.com,Mon, 28 Dec 1959 12:32:31 GMT
Muriel,Corey,muriel.corey@gmail.com,Sun, 16 Jul 1989 05:14:35 GMT
Brenda,Jamie,brenda.jamie@gmail.com,Wed, 05 Jul 1972 01:09:14 GMT
Mylene,Drew,mylene.drew@gmail.com,Fri, 07 Apr 1944 23:25:04 GMT
Tatum,Sage,tatum.sage@gmail.com,Tue, 07 Apr 1970 03:58:05 GMT
Vallie,Ryan,vallie.ryan@gmail.com,Thu, 28 Jan 1988 05:33:12 GMT
Alec,Reagan,alec.reagan@gmail.com,Mon, 24 Jan 1977 14:54:08 GMT
Rick,Hayden,rick.hayden@gmail.com,Thu, 06 Jan 2005 00:55:24 GMT
Vallie,Ryan,vallie.ryan@gmail.com,Tue, 15 Apr 1952 19:36:40 GMT
Vernice,Phoenix,vernice.phoenix@gmail.com,Fri, 31 Oct 1997 14:36:19 GMT
Laron,Arden,laron.arden@gmail.com,Mon, 03 Apr 1967 18:44:19 GMT
Ellie,Billie,ellie.billie@gmail.com,Mon, 17 Mar 1986 01:11:04 GMT
Eino,Parker,eino.parker@gmail.com,Wed, 13 Dec 2000 15:36:09 GMT
Brendan,Hayden,brendan.hayden@gmail.com,Wed, 02 Jun 1965 22:29:52 GMT
Maximillia,Greer,maximillia.greer@gmail.com,Fri, 03 Sep 1943 10:29:01 GMT
Madisyn,North,madisyn.north@gmail.com,Sun, 12 Oct 1997 09:56:26 GMT
Lucio,Greer,lucio.greer@gmail.com,Fri, 19 Aug 1966 08:37:08 GMT
Armand,Blake,armand.blake@gmail.com,Mon, 31 Jan 2005 21:10:44 GMT
Ruben,Rowan,ruben.rowan@gmail.com,Sun, 18 Feb 1951 05:47:26 GMT
Cole,Quinn,cole.quinn@gmail.com,Sat, 21 Feb 1953 18:47:46 GMT
Ezra,Shiloh,ezra.shiloh@gmail.com,Mon, 27 Nov 1995 21:43:12 GMT
Alicia,Harper,alicia.harper@gmail.com,Tue, 13 Jul 1954 12:46:18 GMT
Sincere,Reagan,sincere.reagan@gmail.com,Sat, 05 May 1979 16:40:43 GMT
Zackery,Corey,zackery.corey@gmail.com,Sat, 04 May 1963 22:08:49 GMT
Yoshiko,Austin,yoshiko.austin@gmail.com,Sun, 01 Jun 1969 20:24:11 GMT
Savion,Dakota,savion.dakota@gmail.com,Sun, 22 Aug 1976 22:53:22 GMT
Josiah,Logan,josiah.logan@gmail.com,Mon, 23 May 1949 22:39:57 GMT
Vaughn,Jamie,vaughn.jamie@gmail.com,Fri, 05 Oct 1956 01:47:09 GMT
Rodolfo,River,rodolfo.river@gmail.com,Sat, 03 May 2003 21:08:35 GMT
Viviane,Parker,viviane.parker@gmail.com,Wed, 16 May 1973 04:16:41 GMT
Amparo,Marlowe,amparo.marlowe@gmail.com,Thu, 23 Jun 1949 21:30:40 GMT
Iva,Drew,iva.drew@gmail.com,Tue, 03 Apr 1990 02:10:49 GMT
Boris,Cameron,boris.cameron@gmail.com,Wed, 04 Sep 1968 12:41:23 GMT
Eino,Robin,eino.robin@gmail.com,Sun, 30 Mar 1980 15:33:21 GMT
Laurence,Brooklyn,laurence.brooklyn@gmail.com,Mon, 05 Sep 1960 07:13:29 GMT
Glenda,Brooklyn,glenda.brooklyn@gmail.com,Wed, 16 Oct 1957 07:34:22 GMT
Raina,Kai,raina.kai@gmail.com,Sun, 14 Aug 1988 06:51:30 GMT
Darius,Shiloh,darius.shiloh@gmail.com,Sat, 30 Aug 1947 23:31:06 GMT
Houston,Jordan,houston.jordan@gmail.com,Sun, 26 Jun 1966 11:37:58 GMT
Alisha,Micah,alisha.micah@gmail.com,Wed, 08 Jul 1992 11:35:02 GMT
Nadia,Arden,nadia.arden@gmail.com,Sat, 06 Nov 2004 05:16:44 GMT
Salvador,James,salvador.james@gmail.com,Thu, 22 Aug 2002 22:06:15 GMT
Maxie,Reign,maxie.reign@gmail.com,Wed, 11 Aug 1976 18:33:07 GMT
Brian,River,brian.river@gmail.com,Sun, 18 Sep 1983 21:08:01 GMT
Rosendo,Robin,rosendo.robin@gmail.com,Tue, 18 Aug 1964 05:02:13 GMT
Jairo,Noah,jairo.noah@gmail.com,Mon, 23 Jan 1956 20:37:29 GMT
William,Charlie,william.charlie@gmail.com,Wed, 21 Oct 1959 15:11:29 GMT
Novella,August,novella.august@gmail.com,Tue, 04 Oct 1955 19:08:59 GMT
Veronica,August,veronica.august@gmail.com,Wed, 13 Feb 1985 09:25:04 GMT
Eulah,Marlowe,eulah.marlowe@gmail.com,Mon, 10 Feb 1964 09:47:13 GMT
Jerrod,Corey,jerrod.corey@gmail.com,Sun, 26 Oct 1947 07:02:15 GMT
Bernice,Addison,bernice.addison@gmail.com,Sat, 01 Sep 1984 00:54:48 GMT
Brice,Angel,brice.angel@gmail.com,Sun, 21 Mar 2004 14:30:43 GMT
Terrance,Blake,terrance.blake@gmail.com,Sun, 07 Dec 1958 21:37:41 GMT
Bud,Rowan,bud.rowan@gmail.com,Sat, 27 Apr 1946 11:39:55 GMT
Rosalinda,Greer,rosalinda.greer@gmail.com,Tue, 11 Apr 1995 18:56:29 GMT
Seth,Drew,seth.drew@gmail.com,Fri, 08 Mar 1957 18:10:53 GMT
Ford,Kai,ford.kai@gmail.com,Sat, 25 Nov 1961 13:05:58 GMT
Melyna,Reagan,melyna.reagan@gmail.com,Sun, 15 May 1955 20:27:34 GMT
Marlee,Avery,marlee.avery@gmail.com,Wed, 12 Feb 1975 15:26:17 GMT
Vivien,Jaden,vivien.jaden@gmail.com,Sat, 11 Dec 2004 07:59:46 GMT
Fabian,Corey,fabian.corey@gmail.com,Tue, 06 Mar 2001 13:56:43 GMT
Hellen,Kendall,hellen.kendall@gmail.com,Wed, 03 Apr 1991 21:46:35 GMT
Geoffrey,London,geoffrey.london@gmail.com,Fri, 13 Nov 1987 12:07:37 GMT
Lenore,Kennedy,lenore.kennedy@gmail.com,Tue, 24 Jun 1986 09:23:44 GMT
Niko,Harper,niko.harper@gmail.com,Tue, 06 May 1980 12:42:19 GMT
Mekhi,Bowie,mekhi.bowie@gmail.com,Mon, 19 Mar 1951 12:03:47 GMT
Angeline,Jamie,angeline.jamie@gmail.com,Tue, 14 May 1957 17:25:47 GMT
Fern,August,fern.august@gmail.com,Sat, 11 Mar 1967 15:18:07 GMT
Brock,Cameron,brock.cameron@gmail.com,Mon, 15 May 2000 23:12:13 GMT
Katelynn,James,katelynn.james@gmail.com,Fri, 08 Mar 1946 17:27:59 GMT
Davion,Sage,davion.sage@gmail.com,Fri, 15 May 1992 12:34:02 GMT
Anastacio,Ellis,anastacio.ellis@gmail.com,Tue, 05 Nov 1968 16:47:07 GMT
Angelina,Noah,angelina.noah@gmail.com,Tue, 17 Jan 1984 12:27:22 GMT
Jadon,Drew,jadon.drew@gmail.com,Sat, 10 Dec 1960 10:08:22 GMT
Kylie,Kendall,kylie.kendall@gmail.com,Sat, 04 Jun 1955 03:55:15 GMT
Aaron,River,aaron.river@gmail.com,Mon, 14 Feb 1966 15:59:37 GMT
Wallace,London,wallace.london@gmail.com,Sat, 31 Mar 1962 05:16:11 GMT
Carmel,Sawyer,carmel.sawyer@gmail.com,Sun, 07 Jan 1973 09:23:59 GMT
Eleazar,Ryan,eleazar.ryan@gmail.com,Mon, 20 Aug 1945 01:21:16 GMT
Darrel,Jamie,darrel.jamie@gmail.com,Wed, 29 May 2002 01:47:50 GMT
Nathanael,Charlie,nathanael.charlie@gmail.com,Wed, 16 Dec 1998 19:06:08 GMT
Kelsi,Marlowe,kelsi.marlowe@gmail.com,Fri, 28 Apr 1967 13:38:53 GMT
Harmony,River,harmony.river@gmail.com,Tue, 28 May 2002 12:01:51 GMT
Gertrude,Ryan,gertrude.ryan@gmail.com,Tue, 08 Jul 2003 10:36:16 GMT
Paris,Dakota,paris.dakota@gmail.com,Fri, 01 Jul 1949 20:26:43 GMT
Joey,River,joey.river@gmail.com,Fri, 03 Aug 1951 17:50:54 GMT
Robin,Hayden,robin.hayden@gmail.com,Sun, 15 Oct 1978 11:16:16 GMT
Manuela,Ryan,manuela.ryan@gmail.com,Sun, 20 Dec 1959 02:14:45 GMT
Lesley,Austin,lesley.austin@gmail.com,Mon, 13 Jun 1977 00:50:39 GMT
Joannie,Corey,joannie.corey@gmail.com,Fri, 14 May 1943 15:41:41 GMT
Naomie,Sasha,naomie.sasha@gmail.com,Tue, 19 Dec 2000 02:13:28 GMT
Melvin,River,melvin.river@gmail.com,Wed, 16 Dec 1992 15:15:48 GMT
Karli,Avery,karli.avery@gmail.com,Fri, 26 Dec 1958 15:55:21 GMT
Linwood,Anderson,linwood.anderson@gmail.com,Wed, 12 Jul 1944 00:15:45 GMT
Ross,North,ross.north@gmail.com,Mon, 11 Mar 1963 12:30:00 GMT
Maximo,Sasha,maximo.sasha@gmail.com,Wed, 11 Nov 1964 18:37:28 GMT
Camila,Kai,camila.kai@gmail.com,Sun, 07 Nov 1999 04:07:01 GMT
Colton,Leslie,colton.leslie@gmail.com,Sat, 06 Sep 1975 00:00:58 GMT
Keagan,Shawn,keagan.shawn@gmail.com,Tue, 03 Aug 1971 10:13:32 GMT
Cleve,Addison,cleve.addison@gmail.com,Mon, 11 Oct 1965 11:50:56 GMT
Kolby,Gray,kolby.gray@gmail.com,Mon, 09 Nov 1964 19:13:41 GMT
Mattie,North,mattie.north@gmail.com,Sat, 05 May 1979 16:24:49 GMT
Norwood,North,norwood.north@gmail.com,Tue, 30 May 1989 06:28:27 GMT
Devante,Drew,devante.drew@gmail.com,Sun, 20 Jul 1969 02:26:30 GMT
Alfreda,Quinn,alfreda.quinn@gmail.com,Thu, 18 Jun 1998 03:21:07 GMT
Arvilla,Austin,arvilla.austin@gmail.com,Mon, 07 May 1951 06:41:58 GMT
Solon,Jules,solon.jules@gmail.com,Wed, 30 Apr 1969 22:48:24 GMT
Leif,Kennedy,leif.kennedy@gmail.com,Mon, 14 Jun 1948 23:29:45 GMT
Elliot,Greer,elliot.greer@gmail.com,Sun, 03 Jul 1983 08:46:59 GMT
Gaetano,Bowie,gaetano.bowie@gmail.com,Sat, 23 Jul 1983 21:59:01 GMT
Preston,Harper,preston.harper@gmail.com,Wed, 22 Sep 1982 15:11:53 GMT
Pierre,Jaden,pierre.jaden@gmail.com,Mon, 15 Mar 1976 14:30:14 GMT
Austyn,Rowan,austyn.rowan@gmail.com,Fri, 05 Oct 1990 20:50:05 GMT
Elroy,Noah,elroy.noah@gmail.com,Wed, 19 Jan 2005 01:29:10 GMT
Yessenia,Skyler,yessenia.skyler@gmail.com,Thu, 09 Jul 1970 10:59:59 GMT
Hope,Greer,hope.greer@gmail.com,Sun, 31 May 1987 23:07:16 GMT
Marilyne,Skyler,marilyne.skyler@gmail.com,Fri, 27 Jul 1990 15:54:45 GMT
Weston,Dakota,weston.dakota@gmail.com,Sat, 26 Feb 1972 17:44:28 GMT
Anjali,Bailey,anjali.bailey@gmail.com,Mon, 07 Jul 1980 09:53:08 GMT
Jalon,Avery,jalon.avery@gmail.com,Fri, 02 Nov 2001 02:55:52 GMT
Santiago,Noah,santiago.noah@gmail.com,Tue, 05 Mar 1946 22:29:01 GMT
Felicita,Parker,felicita.parker@gmail.com,Wed, 24 Aug 1949 15:07:10 GMT
Jarrell,Charlie,jarrell.charlie@gmail.com,Mon, 29 Aug 1994 21:34:56 GMT
Frederik,Finley,frederik.finley@gmail.com,Thu, 21 May 1998 22:26:31 GMT
Garret,Greer,garret.greer@gmail.com,Mon, 30 Jan 1995 08:51:49 GMT
Aiyana,Noah,aiyana.noah@gmail.com,Sun, 10 Aug 1969 18:17:05 GMT
Bert,Drew,bert.drew@gmail.com,Tue, 09 Nov 2004 17:23:49 GMT
Anthony,River,anthony.river@gmail.com,Sun, 27 Feb 2000 23:58:48 GMT
Jakob,Robin,jakob.robin@gmail.com,Thu, 10 Feb 1972 06:52:13 GMT
Westley,Logan,westley.logan@gmail.com,Fri, 08 Mar 1996 13:48:52 GMT
Emanuel,Rowan,emanuel.rowan@gmail.com,Tue, 15 Jun 1982 03:01:24 GMT
Shea,Nico,shea.nico@gmail.com,Mon, 09 Mar 1987 09:21:34 GMT
Austen,River,austen.river@gmail.com,Thu, 22 May 1952 21:16:36 GMT
Taryn,Brooklyn,taryn.brooklyn@gmail.com,Fri, 18 Apr 2003 04:18:02 GMT
Jacinthe,London,jacinthe.london@gmail.com,Thu, 04 Feb 1988 00:41:33 GMT
Victoria,Bowie,victoria.bowie@gmail.com,Wed, 04 Mar 1959 05:32:36 GMT
Violette,Austin,violette.austin@gmail.com,Fri, 21 Nov 1980 02:19:57 GMT
Dejuan,Jules,dejuan.jules@gmail.com,Sun, 07 Mar 1948 19:18:07 GMT
Chanel,River,chanel.river@gmail.com,Sun, 20 Jul 1975 09:24:28 GMT
Rogelio,Billie,rogelio.billie@gmail.com,Mon, 13 Nov 1972 18:31:29 GMT
Haylie,Gray,haylie.gray@gmail.com,Tue, 21 Dec 1999 01:50:16 GMT
Clinton,Shiloh,clinton.shiloh@gmail.com,Thu, 08 Apr 1965 04:11:22 GMT
Kameron,Jules,kameron.jules@gmail.com,Tue, 22 Sep 1953 01:05:57 GMT
Jonathan,Brooklyn,jonathan.brooklyn@gmail.com,Mon, 30 Jun 1947 20:36:57 GMT
Elnora,Brooklyn,elnora.brooklyn@gmail.com,Tue, 07 Aug 1956 04:27:03 GMT
Ruth,Hayden,ruth.hayden@gmail.com,Tue, 16 Feb 1943 07:47:29 GMT
Trisha,Rowan,trisha.rowan@gmail.com,Fri, 22 Feb 1963 07:23:45 GMT
Penelope,Phoenix,penelope.phoenix@gmail.com,Thu, 17 Jan 2002 13:32:49 GMT
Kailee,Bowie,kailee.bowie@gmail.com,Fri, 09 Jan 1948 05:15:39 GMT
Natalia,Taylor,natalia.taylor@gmail.com,Fri, 05 Dec 1969 01:07:40 GMT
Paolo,North,paolo.north@gmail.com,Tue, 20 Jul 2004 19:48:01 GMT
Blanca,Rory,blanca.rory@gmail.com,Tue, 12 May 1981 16:11:34 GMT
Sally,North,sally.north@gmail.com,Wed, 30 Oct 1991 01:25:19 GMT
Liliane,North,liliane.north@gmail.com,Sat, 03 Apr 1971 23:37:54 GMT
Vinnie,Jamie,vinnie.jamie@gmail.com,Fri, 01 May 1992 12:49:39 GMT
Chet,Rowan,chet.rowan@gmail.com,Tue, 04 May 1976 00:26:38 GMT
Duncan,Brooklyn,duncan.brooklyn@gmail.com,Fri, 16 Oct 1992 08:14:14 GMT
Jared,Kyle,jared.kyle@gmail.com,Sat, 26 Apr 1975 17:42:24 GMT
Reva,Ellis,reva.ellis@gmail.com,Fri, 19 Oct 1990 20:28:30 GMT
Randi,Jaden,randi.jaden@gmail.com,Thu, 10 Sep 1998 21:57:57 GMT
Brody,Quinn,brody.quinn@gmail.com,Tue, 28 Jun 1977 20:04:47 GMT
Dortha,Taylor,dortha.taylor@gmail.com,Mon, 17 Apr 1944 16:07:44 GMT
Ruthe,Billie,ruthe.billie@gmail.com,Fri, 11 Dec 1964 00:56:37 GMT
Elouise,Nico,elouise.nico@gmail.com,Thu, 07 Nov 1985 06:31:56 GMT
Alanna,Ellis,alanna.ellis@gmail.com,Thu, 05 May 1988 07:30:01 GMT
Pat,Reign,pat.reign@gmail.com,Sun, 20 Apr 2003 14:31:14 GMT
Bella,Brooklyn,bella.brooklyn@gmail.com,Sun, 12 Jun 1949 18:45:46 GMT
Lauren,Sage,lauren.sage@gmail.com,Fri, 27 Jul 1973 09:46:08 GMT
Ashley,Alex,ashley.alex@gmail.com,Fri, 16 Nov 1962 23:05:49 GMT
Carmelo,Bowie,carmelo.bowie@gmail.com,Sat, 01 Mar 2003 20:51:17 GMT
Kay,Austin,kay.austin@gmail.com,Fri, 16 Jul 1976 05:30:05 GMT
Jazmin,Shiloh,jazmin.shiloh@gmail.com,Sun, 17 Mar 1963 18:16:07 GMT
Onie,Rowan,onie.rowan@gmail.com,Mon, 02 Apr 1951 02:17:51 GMT
Samanta,Sasha,samanta.sasha@gmail.com,Thu, 07 Jan 1988 07:43:32 GMT
Delphia,Nico,delphia.nico@gmail.com,Fri, 21 May 1971 09:43:25 GMT
Adrian,Parker,adrian.parker@gmail.com,Sun, 27 Nov 1955 13:56:45 GMT
Kattie,Avery,kattie.avery@gmail.com,Sat, 19 Sep 1970 20:02:39 GMT
Van,Drew,van.drew@gmail.com,Thu, 24 Feb 1977 21:00:34 GMT
Chadrick,Riley,chadrick.riley@gmail.com,Sat, 20 May 1978 03:28:07 GMT
Evan,Dakota,evan.dakota@gmail.com,Sun, 20 Feb 1983 16:03:45 GMT
Abdul,Dakota,abdul.dakota@gmail.com,Thu, 10 Jan 1952 20:32:10 GMT
Dorthy,Harper,dorthy.harper@gmail.com,Tue, 01 Mar 1988 01:26:43 GMT
Della,Phoenix,della.phoenix@gmail.com,Fri, 09 Nov 1956 12:57:09 GMT
Joe,Ryan,joe.ryan@gmail.com,Fri, 18 Jun 1993 19:43:17 GMT
Evert,Jaden,evert.jaden@gmail.com,Sun, 18 Nov 1951 15:07:01 GMT
Kiel,Reagan,kiel.reagan@gmail.com,Thu, 06 Mar 2003 20:34:06 GMT
Gabriel,Bowie,gabriel.bowie@gmail.com,Wed, 17 Nov 1965 01:22:34 GMT
Jody,August,jody.august@gmail.com,Fri, 18 Mar 1949 10:44:27 GMT
Everardo,Kendall,everardo.kendall@gmail.com,Sat, 30 Jun 1973 14:54:55 GMT
Jaiden,Quinn,jaiden.quinn@gmail.com,Fri, 24 Sep 1982 12:12:05 GMT
Earlene,Marlowe,earlene.marlowe@gmail.com,Mon, 21 Mar 1983 17:36:13 GMT
Raymond,Cameron,raymond.cameron@gmail.com,Sat, 07 Nov 1970 02:26:42 GMT
Freda,Logan,freda.logan@gmail.com,Sat, 21 Nov 1987 00:27:39 GMT
Vernon,Shiloh,vernon.shiloh@gmail.com,Mon, 02 Aug 2004 18:56:51 GMT
Maida,Ryan,maida.ryan@gmail.com,Wed, 01 Dec 1954 20:16:25 GMT
Aliya,August,aliya.august@gmail.com,Tue, 04 Sep 1979 01:16:24 GMT
Eli,Austin,eli.austin@gmail.com,Mon, 06 Apr 1959 11:52:14 GMT
Buford,Jules,buford.jules@gmail.com,Sun, 19 Sep 1965 13:11:06 GMT
Garry,Cameron,garry.cameron@gmail.com,Thu, 02 Jun 1977 19:34:40 GMT
Lonie,Elliott,lonie.elliott@gmail.com,Sat, 06 Oct 2001 00:59:15 GMT
Eveline,Avery,eveline.avery@gmail.com,Mon, 28 Aug 1961 00:29:23 GMT
Vicente,Drew,vicente.drew@gmail.com,Tue, 04 Sep 1979 08:27:28 GMT
Justine,Jordan,justine.jordan@gmail.com,Sun, 06 Jul 2003 05:07:22 GMT
Samanta,Emerson,samanta.emerson@gmail.com,Mon, 07 Jun 1948 07:36:47 GMT
Dan,Marlowe,dan.marlowe@gmail.com,Wed, 23 May 1945 08:18:16 GMT
Noemy,Rowan,noemy.rowan@gmail.com,Wed, 13 Feb 1980 12:44:47 GMT
Pattie,Jordan,pattie.jordan@gmail.com,Mon, 13 Dec 2004 15:46:41 GMT
Fatima,Alex,fatima.alex@gmail.com,Mon, 27 May 1946 22:36:07 GMT
Hassie,Sage,hassie.sage@gmail.com,Sun, 23 Aug 1964 09:29:17 GMT
Juliet,Kai,juliet.kai@gmail.com,Tue, 03 Sep 1963 13:43:16 GMT
Rhett,Riley,rhett.riley@gmail.com,Tue, 17 Jul 1956 18:49:29 GMT
Elvis,Jaden,elvis.jaden@gmail.com,Fri, 13 May 1966 02:23:02 GMT
Arvid,Billie,arvid.billie@gmail.com,Sat, 15 Feb 1975 00:47:22 GMT
Lorine,Finley,lorine.finley@gmail.com,Sun, 24 Jun 1962 00:57:48 GMT
Aiyana,Kennedy,aiyana.kennedy@gmail.com,Sun, 04 Apr 2004 20:49:09 GMT
Ilene,James,ilene.james@gmail.com,Mon, 07 Mar 1983 16:00:02 GMT
Moses,Kendall,moses.kendall@gmail.com,Fri, 17 Sep 1954 17:56:34 GMT
Eliseo,Dakota,eliseo.dakota@gmail.com,Tue, 24 Aug 1965 23:37:56 GMT
Maximo,North,maximo.north@gmail.com,Tue, 20 May 1986 02:32:19 GMT
Walker,Dakota,walker.dakota@gmail.com,Sun, 12 Nov 1944 23:40:39 GMT
Enos,Nico,enos.nico@gmail.com,Thu, 10 Dec 1998 13:23:53 GMT
Giles,Avery,giles.avery@gmail.com,Tue, 11 Jul 1995 10:01:12 GMT
Samir,Leslie,samir.leslie@gmail.com,Thu, 13 May 1971 21:19:46 GMT
Rick,Finley,rick.finley@gmail.com,Thu, 29 Oct 1964 12:10:36 GMT
Delores,Bowie,delores.bowie@gmail.com,Tue, 19 Nov 1996 06:28:59 GMT
Kirk,Finley,kirk.finley@gmail.com,Wed, 06 May 1992 23:39:38 GMT
Scarlett,Skyler,scarlett.skyler@gmail.com,Sat, 19 Dec 1987 19:23:25 GMT
Jairo,Drew,jairo.drew@gmail.com,Thu, 25 Jan 2001 03:48:33 GMT
Patricia,Nico,patricia.nico@gmail.com,Sun, 05 Jun 1988 03:24:40 GMT
Emely,Taylor,emely.taylor@gmail.com,Mon, 08 Jun 1981 08:21:37 GMT
Eva,Sage,eva.sage@gmail.com,Tue, 19 Feb 1980 15:28:01 GMT
Cordelia,Jordan,cordelia.jordan@gmail.com,Thu, 06 Nov 1947 19:28:15 GMT
Annabell,Dakota,annabell.dakota@gmail.com,Wed, 07 Jul 1943 21:24:22 GMT
Sven,River,sven.river@gmail.com,Mon, 10 Jun 1957 17:52:51 GMT
Corrine,Corey,corrine.corey@gmail.com,Sat, 30 Apr 1977 20:32:56 GMT
Jovany,Bowie,jovany.bowie@gmail.com,Thu, 09 Mar 1972 18:11:47 GMT
Madisyn,Parker,madisyn.parker@gmail.com,Wed, 03 Apr 1968 14:08:04 GMT
Dana,Jordan,dana.jordan@gmail.com,Thu, 02 Dec 1943 18:45:29 GMT
Shaniya,Corey,shaniya.corey@gmail.com,Wed, 05 Mar 1947 02:12:58 GMT
Norris,Phoenix,norris.phoenix@gmail.com,Tue, 15 Apr 1958 00:17:48 GMT
Cleta,Jamie,cleta.jamie@gmail.com,Mon, 26 Jun 2000 10:25:00 GMT
Lorena,Dakota,lorena.dakota@gmail.com,Mon, 10 May 1993 11:12:04 GMT
Jace,Greer,jace.greer@gmail.com,Thu, 28 Dec 1950 22:56:04 GMT
Lukas,Shawn,lukas.shawn@gmail.com,Wed, 28 Aug 1968 01:07:19 GMT
Steve,Kennedy,steve.kennedy@gmail.com,Sat, 05 Feb 1983 14:41:15 GMT
Helga,Jaden,helga.jaden@gmail.com,Fri, 11 Sep 1992 09:09:16 GMT
Nelle,Phoenix,nelle.phoenix@gmail.com,Sun, 06 Jun 1993 10:39:05 GMT
Christop,Arden,christop.arden@gmail.com,Sun, 23 Jul 1961 15:36:22 GMT
Russell,Anderson,russell.anderson@gmail.com,Tue, 22 Sep 1981 18:21:19 GMT
Cassie,Austin,cassie.austin@gmail.com,Fri, 15 Feb 1974 08:26:55 GMT
Assunta,Dakota,assunta.dakota@gmail.com,Thu, 30 Dec 1943 23:42:22 GMT
Gayle,Jaden,gayle.jaden@gmail.com,Sun, 13 Sep 1953 03:09:38 GMT
Shanelle,Sasha,shanelle.sasha@gmail.com,Thu, 04 Feb 1988 15:19:02 GMT
Frieda,Kyle,frieda.kyle@gmail.com,Thu, 18 Feb 1993 20:31:15 GMT
Erling,Reign,erling.reign@gmail.com,Sun, 18 Jul 1993 01:42:47 GMT
Lauryn,August,lauryn.august@gmail.com,Wed, 09 May 1945 15:29:35 GMT
Laisha,Skyler,laisha.skyler@gmail.com,Fri, 23 Nov 1984 17:50:54 GMT
Orlo,Emerson,orlo.emerson@gmail.com,Thu, 07 Apr 1983 23:54:32 GMT
Loyce,Leslie,loyce.leslie@gmail.com,Mon, 22 Jan 2001 14:21:03 GMT
Davin,Micah,davin.micah@gmail.com,Tue, 12 Dec 1995 07:42:10 GMT
Jacquelyn,James,jacquelyn.james@gmail.com,Tue, 22 Dec 1970 14:11:36 GMT
Holly,Billie,holly.billie@gmail.com,Wed, 06 Nov 1996 13:20:58 GMT
Dayne,Corey,dayne.corey@gmail.com,Fri, 18 Jun 1943 17:54:29 GMT
Duane,Brooklyn,duane.brooklyn@gmail.com,Fri, 15 Jul 1960 15:07:13 GMT
Joesph,Kai,joesph.kai@gmail.com,Mon, 28 Feb 1944 01:49:49 GMT
Aubree,Arden,aubree.arden@gmail.com,Sun, 15 Feb 1953 12:26:29 GMT
Waino,River,waino.river@gmail.com,Wed, 07 Feb 1979 16:31:28 GMT
Lucius,Robin,lucius.robin@gmail.com,Mon, 12 Sep 1977 23:09:18 GMT
Marcelo,Sawyer,marcelo.sawyer@gmail.com,Thu, 10 Jan 1980 10:30:08 GMT
Ansel,Alex,ansel.alex@gmail.com,Fri, 06 Feb 1976 18:54:41 GMT
Eveline,Reagan,eveline.reagan@gmail.com,Mon, 26 Mar 2001 03:46:10 GMT
Domenic,Leslie,domenic.leslie@gmail.com,Wed, 29 Jan 1964 19:49:23 GMT
Mariela,Reagan,mariela.reagan@gmail.com,Mon, 18 Jan 1999 10:31:04 GMT
Fermin,Ellis,fermin.ellis@gmail.com,Mon, 20 Aug 1990 19:22:06 GMT
Junius,Hayden,junius.hayden@gmail.com,Wed, 23 Feb 1944 00:51:45 GMT
Geovanny,Ryan,geovanny.ryan@gmail.com,Sat, 07 Jul 1962 22:17:18 GMT
Aliza,Sage,aliza.sage@gmail.com,Sat, 02 Aug 1952 20:04:56 GMT
Burnice,Dakota,burnice.dakota@gmail.com,Sat, 16 Mar 1985 04:47:48 GMT
Baby,Jamie,baby.jamie@gmail.com,Tue, 14 Dec 1948 02:35:20 GMT
Effie,Harper,effie.harper@gmail.com,Tue, 20 Nov 1951 22:45:39 GMT
Alexanne,London,alexanne.london@gmail.com,Fri, 16 Sep 1966 07:30:27 GMT
Sandrine,North,sandrine.north@gmail.com,Fri, 30 Nov 1979 18:10:37 GMT
Price,Ryan,price.ryan@gmail.com,Thu, 08 Jun 1967 17:58:42 GMT
Shanon,Nico,shanon.nico@gmail.com,Mon, 05 Sep 1966 09:54:08 GMT
Freeda,North,freeda.north@gmail.com,Mon, 26 Dec 1977 15:25:12 GMT
Aubrey,Drew,aubrey.drew@gmail.com,Thu, 06 Jul 1972 03:37:15 GMT
Harrison,Jaden,harrison.jaden@gmail.com,Fri, 01 Feb 1991 05:30:47 GMT
Winston,Hayden,winston.hayden@gmail.com,Sat, 02 Jun 1951 14:25:14 GMT
Dortha,Phoenix,dortha.phoenix@gmail.com,Tue, 23 Dec 1958 14:33:52 GMT
Kaylie,Rowan,kaylie.rowan@gmail.com,Wed, 28 Apr 1965 21:02:29 GMT
Clarabelle,Jamie,clarabelle.jamie@gmail.com,Thu, 02 Oct 1986 04:10:44 GMT
Mariah,Austin,mariah.austin@gmail.com,Sun, 24 Dec 1978 16:09:42 GMT
Bruce,Ellis,bruce.ellis@gmail.com,Sun, 30 Jan 1972 05:48:09 GMT
Arturo,Anderson,arturo.anderson@gmail.com,Thu, 29 May 1986 07:08:22 GMT
Erling,North,erling.north@gmail.com,Thu, 06 Aug 1992 19:09:30 GMT
Cathrine,Billie,cathrine.billie@gmail.com,Sun, 08 Jun 2003 06:45:57 GMT
Janet,Kendall,janet.kendall@gmail.com,Fri, 23 Sep 1983 05:15:37 GMT
Pearline,Ryan,pearline.ryan@gmail.com,Mon, 06 Jun 1994 05:33:32 GMT
Verla,Noah,verla.noah@gmail.com,Tue, 05 Oct 1982 00:12:29 GMT
Mackenzie,August,mackenzie.august@gmail.com,Tue, 12 Jun 2001 11:17:52 GMT
Adrianna,Kennedy,adrianna.kennedy@gmail.com,Fri, 17 Sep 1965 15:12:57 GMT
Brayan,Avery,brayan.avery@gmail.com,Sat, 29 Jan 1966 08:06:16 GMT
Adaline,Shawn,adaline.shawn@gmail.com,Thu, 26 Jun 1969 16:57:05 GMT
Bernice,Austin,bernice.austin@gmail.com,Sat, 29 Mar 1980 12:10:09 GMT
Emie,Greer,emie.greer@gmail.com,Tue, 26 Aug 1975 13:02:14 GMT
Dorthy,Greer,dorthy.greer@gmail.com,Fri, 05 Dec 1958 09:17:58 GMT
Esmeralda,North,esmeralda.north@gmail.com,Sun, 27 Apr 1980 14:43:26 GMT
Clarabelle,Rowan,clarabelle.rowan@gmail.com,Sun, 11 Dec 2005 03:27:47 GMT
Gerson,Logan,gerson.logan@gmail.com,Fri, 09 Dec 1977 12:35:46 GMT
Jayne,Parker,jayne.parker@gmail.com,Sat, 01 Mar 1986 20:07:19 GMT
Earnest,Kendall,earnest.kendall@gmail.com,Thu, 05 Jun 1980 04:36:08 GMT
Norbert,London,norbert.london@gmail.com,Mon, 05 May 1952 18:34:36 GMT
Zoila,Logan,zoila.logan@gmail.com,Fri, 31 Jul 1992 08:51:29 GMT
Marcelo,Jordan,marcelo.jordan@gmail.com,Thu, 02 Aug 2001 23:26:15 GMT
Lindsey,Rory,lindsey.rory@gmail.com,Sun, 13 Nov 1955 14:49:05 GMT
Uriah,Hayden,uriah.hayden@gmail.com,Sun, 13 Feb 1972 13:52:51 GMT
Brendon,Taylor,brendon.taylor@gmail.com,Tue, 15 Nov 2005 21:12:24 GMT
Charlie,Harper,charlie.harper@gmail.com,Wed, 12 Nov 1997 05:40:02 GMT
Lourdes,Kendall,lourdes.kendall@gmail.com,Fri, 03 Nov 1989 10:50:05 GMT
Henri,Kai,henri.kai@gmail.com,Fri, 19 Mar 1993 10:33:02 GMT
Brody,Sasha,brody.sasha@gmail.com,Fri, 11 Sep 1959 05:19:41 GMT
Arvilla,Kyle,arvilla.kyle@gmail.com,Sat, 14 Dec 1985 05:23:53 GMT
Elinore,Jules,elinore.jules@gmail.com,Wed, 21 Oct 1998 03:09:32 GMT
Frederique,Sage,frederique.sage@gmail.com,Tue, 15 May 1945 18:10:43 GMT
Ludie,Jules,ludie.jules@gmail.com,Wed, 12 Nov 1958 18:15:24 GMT
Layla,Parker,layla.parker@gmail.com,Tue, 01 Feb 1994 05:11:08 GMT
Derek,Finley,derek.finley@gmail.com,Sat, 24 May 1958 15:19:12 GMT
Garnett,Riley,garnett.riley@gmail.com,Sun, 02 Dec 2001 08:08:40 GMT
Noemy,Reagan,noemy.reagan@gmail.com,Sat, 16 May 1998 13:11:33 GMT
Jaiden,Sawyer,jaiden.sawyer@gmail.com,Wed, 26 Mar 1969 11:56:18 GMT
Katheryn,North,katheryn.north@gmail.com,Sun, 04 Dec 1983 14:19:22 GMT
Ali,Corey,ali.corey@gmail.com,Sat, 03 May 1952 16:49:55 GMT
Pascale,Gray,pascale.gray@gmail.com,Sun, 24 Nov 1957 23:09:36 GMT
Anika,Drew,anika.drew@gmail.com,Thu, 30 Jun 1983 00:00:29 GMT
Kole,Jamie,kole.jamie@gmail.com,Mon, 01 May 1944 04:30:42 GMT
Guiseppe,River,guiseppe.river@gmail.com,Fri, 15 Apr 2005 22:46:56 GMT
Abbey,Anderson,abbey.anderson@gmail.com,Sun, 25 Mar 1956 08:29:22 GMT
Holly,Reese,holly.reese@gmail.com,Mon, 14 Mar 1955 11:11:15 GMT
Bart,Gray,bart.gray@gmail.com,Fri, 09 May 1997 11:35:58 GMT
Columbus,Sasha,columbus.sasha@gmail.com,Mon, 05 Sep 1988 21:18:37 GMT
Sadie,Reign,sadie.reign@gmail.com,Wed, 06 Oct 1993 21:54:22 GMT
Emie,Brooklyn,emie.brooklyn@gmail.com,Mon, 07 Mar 1960 17:14:18 GMT
Kevin,Micah,kevin.micah@gmail.com,Thu, 03 May 1951 09:08:31 GMT
Dorris,Leslie,dorris.leslie@gmail.com,Tue, 05 Sep 2000 23:47:28 GMT
Vito,Micah,vito.micah@gmail.com,Sun, 11 Aug 1968 12:46:29 GMT
Brianne,Austin,brianne.austin@gmail.com,Mon, 29 Aug 1977 08:37:04 GMT
Helena,Leslie,helena.leslie@gmail.com,Fri, 04 Nov 1977 06:17:17 GMT
Kacie,Bailey,kacie.bailey@gmail.com,Tue, 23 Nov 1965 13:58:00 GMT
Reynold,Arden,reynold.arden@gmail.com,Wed, 07 Sep 1949 23:20:44 GMT
Kaya,Alex,kaya.alex@gmail.com,Mon, 08 Jul 1985 05:28:20 GMT
Otto,Rowan,otto.rowan@gmail.com,Mon, 30 Jul 1990 14:18:44 GMT
Sasha,Riley,sasha.riley@gmail.com,Mon, 08 Nov 1982 15:49:05 GMT
Isac,Shiloh,isac.shiloh@gmail.com,Tue, 08 Apr 1952 11:32:56 GMT
Bernard,Rory,bernard.rory@gmail.com,Wed, 10 Jul 1996 02:43:43 GMT
Robyn,Hayden,robyn.hayden@gmail.com,Wed, 13 Jan 1954 22:26:47 GMT
Samara,Kyle,samara.kyle@gmail.com,Mon, 25 Dec 1961 10:05:04 GMT
Jazmin,Emerson,jazmin.emerson@gmail.com,Mon, 15 Sep 1975 01:11:30 GMT
Domenick,Jordan,domenick.jordan@gmail.com,Tue, 04 Dec 1962 17:45:02 GMT
Antoinette,Reagan,antoinette.reagan@gmail.com,Wed, 29 Jun 1988 20:07:44 GMT
Jeanie,Jordan,jeanie.jordan@gmail.com,Tue, 12 Nov 1957 19:57:29 GMT
Elyssa,Ellis,elyssa.ellis@gmail.com,Sun, 29 Apr 1962 18:24:02 GMT
Darby,Shiloh,darby.shiloh@gmail.com,Mon, 22 Jun 1959 19:26:05 GMT
Colten,Addison,colten.addison@gmail.com,Fri, 19 Jul 2002 17:54:04 GMT
Leopold,Reign,leopold.reign@gmail.com,Mon, 23 Mar 1992 08:23:38 GMT
German,Jaden,german.jaden@gmail.com,Sat, 29 Jun 1957 19:07:02 GMT
Armand,Rowan,armand.rowan@gmail.com,Wed, 30 Mar 1983 15:00:11 GMT
Fausto,Kendall,fausto.kendall@gmail.com,Sat, 12 Jul 1969 18:10:12 GMT
Henri,Kyle,henri.kyle@gmail.com,Sun, 15 Jul 1984 02:50:18 GMT
Lon,Brooklyn,lon.brooklyn@gmail.com,Tue, 10 Aug 1954 13:08:47 GMT
Savanna,Charlie,savanna.charlie@gmail.com,Thu, 27 Sep 1973 14:18:16 GMT
Devonte,North,devonte.north@gmail.com,Sat, 10 Feb 1945 10:30:59 GMT
Rhianna,Marlowe,rhianna.marlowe@gmail.com,Sun, 06 Feb 1972 06:29:25 GMT
Darion,Blake,darion.blake@gmail.com,Sat, 19 Dec 1970 02:26:43 GMT
Emily,Marlowe,emily.marlowe@gmail.com,Thu, 18 Aug 1949 15:43:41 GMT
Jovan,Jaden,jovan.jaden@gmail.com,Thu, 13 May 1943 11:40:12 GMT
Asa,Kendall,asa.kendall@gmail.com,Sun, 08 Apr 1973 21:43:37 GMT
April,Noah,april.noah@gmail.com,Fri, 03 Mar 1967 16:49:51 GMT
Marianna,Noah,marianna.noah@gmail.com,Fri, 23 Jan 2004 11:34:29 GMT
Jean,Charlie,jean.charlie@gmail.com,Sat, 14 Mar 1992 11:22:45 GMT
Samanta,Sawyer,samanta.sawyer@gmail.com,Wed, 13 Jan 1943 12:24:58 GMT
Else,Micah,else.micah@gmail.com,Mon, 16 Sep 1963 20:32:06 GMT
Brain,Sage,brain.sage@gmail.com,Thu, 26 Mar 1992 00:03:58 GMT
Ashtyn,Kai,ashtyn.kai@gmail.com,Sat, 24 Jan 1976 21:50:32 GMT
Winona,Riley,winona.riley@gmail.com,Thu, 18 Aug 1949 00:13:07 GMT
Selena,Greer,selena.greer@gmail.com,Tue, 05 Feb 1952 19:17:21 GMT
Amber,Riley,amber.riley@gmail.com,Sun, 27 Jun 1999 11:40:47 GMT
Shayna,August,shayna.august@gmail.com,Thu, 17 Jun 1971 02:24:10 GMT
Conor,Ryan,conor.ryan@gmail.com,Sun, 26 Feb 1995 02:00:38 GMT
Moriah,Charlie,moriah.charlie@gmail.com,Thu, 30 Jul 1992 03:22:06 GMT
Osvaldo,Taylor,osvaldo.taylor@gmail.com,Thu, 05 Feb 1948 18:30:47 GMT
Heath,Blake,heath.blake@gmail.com,Fri, 16 Jun 1961 10:05:02 GMT
Jana,Reese,jana.reese@gmail.com,Mon, 07 Jan 1974 03:16:22 GMT
Randal,Addison,randal.addison@gmail.com,Sat, 01 Jul 1944 12:09:26 GMT
Sheridan,Ryan,sheridan.ryan@gmail.com,Wed, 27 Sep 1972 19:56:47 GMT
Lyric,Addison,lyric.addison@gmail.com,Sat, 17 May 1997 14:43:30 GMT
