firstname,middlename,email,dob
Dewayne,Kai,dewayne.kai@gmail.com,Wed, 30 Oct 1985 10:47:16 GMT
Willa,Elliott,willa.elliott@gmail.com,Tue, 08 Dec 1959 01:03:11 GMT
Kyleigh,Arden,kyleigh.arden@gmail.com,Tue, 06 Nov 1984 11:06:36 GMT
Aidan,Sage,aidan.sage@gmail.com,Mon, 24 Nov 1952 19:48:01 GMT
Tito,Greer,tito.greer@gmail.com,Mon, 15 Feb 1960 15:40:41 GMT
Chadd,North,chadd.north@gmail.com,Tue, 09 Oct 1984 15:28:11 GMT
Edwardo,Austin,edwardo.austin@gmail.com,Tue, 11 Jan 1955 03:11:55 GMT
Cindy,Marlowe,cindy.marlowe@gmail.com,Sat, 05 Jun 1965 11:59:29 GMT
Jayson,Brooklyn,jayson.brooklyn@gmail.com,Wed, 20 Jun 1984 23:09:33 GMT
Mable,Austin,mable.austin@gmail.com,Thu, 06 Sep 2001 18:55:10 GMT
Gerson,August,gerson.august@gmail.com,Sun, 05 Mar 1961 02:22:07 GMT
Addie,River,addie.river@gmail.com,Fri, 28 Apr 1950 13:55:48 GMT
Conner,Parker,conner.parker@gmail.com,Thu, 22 Feb 1973 15:38:16 GMT
Geoffrey,Hayden,geoffrey.hayden@gmail.com,Mon, 06 Jun 1983 04:21:19 GMT
Alexanne,Sasha,alexanne.sasha@gmail.com,Mon, 03 Mar 2003 06:53:51 GMT
Nelle,Charlie,nelle.charlie@gmail.com,Thu, 07 Apr 1983 01:54:02 GMT
Dawson,Shiloh,dawson.shiloh@gmail.com,Fri, 06 Aug 2004 06:57:29 GMT
Monty,Dakota,monty.dakota@gmail.com,Sun, 13 Jun 1943 20:26:35 GMT
Cale,Nico,cale.nico@gmail.com,Tue, 19 May 1987 23:18:57 GMT
Stuart,Rowan,stuart.rowan@gmail.com,Sun, 06 Apr 1986 09:26:38 GMT
Eliane,Rowan,eliane.rowan@gmail.com,Sun, 08 Oct 1978 03:18:14 GMT
Dayne,Kendall,dayne.kendall@gmail.com,Thu, 15 Nov 1951 18:17:48 GMT
Cayla,Sage,cayla.sage@gmail.com,Sun, 01 Jan 1961 13:54:24 GMT
Celestino,River,celestino.river@gmail.com,Sun, 07 Sep 1947 05:14:44 GMT
Savanah,Parker,savanah.parker@gmail.com,Wed, 07 Jan 1953 14:34:59 GMT
Jalyn,Reese,jalyn.reese@gmail.com,Sat, 26 Dec 1998 14:44:45 GMT
Deborah,Phoenix,deborah.phoenix@gmail.com,Wed, 28 Feb 1962 09:10:02 GMT
Jordan,Reign,jordan.reign@gmail.com,Tue, 05 Aug 1958 06:30:40 GMT
Collin,Shiloh,collin.shiloh@gmail.com,Mon, 20 Jan 1947 01:30:58 GMT
Dedric,North,dedric.north@gmail.com,Sun, 25 Jan 1953 17:17:39 GMT
Erin,Ryan,erin.ryan@gmail.com,Sun, 30 Apr 1967 20:11:21 GMT
Pete,Kyle,pete.kyle@gmail.com,Sun, 16 Jun 1946 16:06:31 GMT
Adell,Jordan,adell.jordan@gmail.com,Fri, 18 Nov 2005 14:26:10 GMT
Vivian,London,vivian.london@gmail.com,Wed, 23 Apr 1969 22:30:43 GMT
Aileen,Rory,aileen.rory@gmail.com,Sat, 05 Nov 1949 01:12:46 GMT
Gertrude,Blake,gertrude.blake@gmail.com,Wed, 06 Aug 1952 17:27:47 GMT
Raheem,Parker,raheem.parker@gmail.com,Sun, 17 Apr 1994 04:40:41 GMT
Alaina,Reagan,alaina.reagan@gmail.com,Fri, 19 Apr 1985 23:57:56 GMT
Odie,Kendall,odie.kendall@gmail.com,Mon, 18 Nov 1957 15:08:54 GMT
Jaiden,Reagan,jaiden.reagan@gmail.com,Mon, 02 May 2005 06:27:26 GMT
Kenny,Ellis,kenny.ellis@gmail.com,Mon, 14 Apr 1952 11:51:17 GMT
Marion,Noah,marion.noah@gmail.com,Sat, 14 Oct 1978 00:10:30 GMT
Ruby,Bailey,ruby.bailey@gmail.com,Mon, 14 Mar 1983 04:31:17 GMT
Jamarcus,Bowie,jamarcus.bowie@gmail.com,Wed, 26 Jun 2002 05:41:32 GMT
Sherman,Phoenix,sherman.phoenix@gmail.com,Tue, 21 Feb 1950 23:49:20 GMT
Paolo,Billie,paolo.billie@gmail.com,Thu, 23 Sep 1954 15:36:34 GMT
Nolan,Noah,nolan.noah@gmail.com,Mon, 01 Oct 1951 18:49:49 GMT
Clement,Blake,clement.blake@gmail.com,Sat, 12 Jan 1952 18:46:55 GMT
Vella,Rory,vella.rory@gmail.com,Tue, 02 Jun 1970 00:58:10 GMT
Gladyce,Sawyer,gladyce.sawyer@gmail.com,Sun, 18 Jan 2004 23:01:28 GMT
Roberto,Dakota,roberto.dakota@gmail.com,Thu, 06 Nov 1997 16:30:48 GMT
Georgiana,Noah,georgiana.noah@gmail.com,Fri, 11 Apr 1975 05:31:58 GMT
Rebeka,Quinn,rebeka.quinn@gmail.com,Tue, 23 Jan 1973 12:00:51 GMT
Delpha,Phoenix,delpha.phoenix@gmail.com,Sat, 12 May 1962 18:17:48 GMT
Antonetta,Hayden,antonetta.hayden@gmail.com,Fri, 20 Apr 1979 16:29:59 GMT
Zion,Avery,zion.avery@gmail.com,Sun, 22 Nov 1981 08:25:02 GMT
Colin,North,colin.north@gmail.com,Sat, 01 Feb 1958 14:17:04 GMT
Kavon,Blake,kavon.blake@gmail.com,Mon, 27 Nov 1950 04:06:11 GMT
Dovie,Kennedy,dovie.kennedy@gmail.com,Tue, 20 Jun 2000 16:24:00 GMT
Stephan,Arden,stephan.arden@gmail.com,Sat, 20 Jan 1968 17:41:25 GMT
Lacey,Angel,lacey.angel@gmail.com,Fri, 10 Apr 1953 07:05:08 GMT
Imogene,Robin,imogene.robin@gmail.com,Thu, 19 Feb 1970 18:22:59 GMT
Elliott,Kyle,elliott.kyle@gmail.com,Mon, 04 Jul 1994 14:03:00 GMT
Linwood,Reign,linwood.reign@gmail.com,Wed, 28 Nov 1990 17:18:09 GMT
Sylvia,Ellis,sylvia.ellis@gmail.com,Wed, 04 Apr 1951 07:33:44 GMT
Lon,Ryan,lon.ryan@gmail.com,Thu, 04 Jul 1968 04:15:18 GMT
Sabrina,Quinn,sabrina.quinn@gmail.com,Wed, 22 Oct 1986 12:49:30 GMT
Jazmyn,Sage,jazmyn.sage@gmail.com,Sun, 22 Apr 2001 21:43:00 GMT
Lisette,Kennedy,lisette.kennedy@gmail.com,Thu, 28 Aug 1980 04:13:01 GMT
Omari,Jordan,omari.jordan@gmail.com,Tue, 26 Jan 1943 10:39:22 GMT
Arvilla,North,arvilla.north@gmail.com,Fri, 07 Dec 1990 04:56:24 GMT
Gwen,Jaden,gwen.jaden@gmail.com,Tue, 22 Jun 1954 01:50:48 GMT
Palma,Nico,palma.nico@gmail.com,Tue, 24 Aug 1999 23:29:55 GMT
Celine,Alex,celine.alex@gmail.com,Mon, 05 Dec 1955 00:15:13 GMT
Garfield,Jordan,garfield.jordan@gmail.com,Tue, 28 Nov 1978 01:03:18 GMT
Marjory,Drew,marjory.drew@gmail.com,Sat, 14 Oct 1989 06:53:33 GMT
Alana,Kai,alana.kai@gmail.com,Thu, 12 Aug 1948 21:27:44 GMT
Santa,Robin,santa.robin@gmail.com,Thu, 06 Nov 1975 13:34:23 GMT
Anastacio,Sage,anastacio.sage@gmail.com,Mon, 29 Aug 1955 14:16:41 GMT
Carli,Taylor,carli.taylor@gmail.com,Fri, 05 Jan 1951 08:52:05 GMT
Glenda,August,glenda.august@gmail.com,Sat, 09 Feb 1963 02:23:56 GMT
Alycia,Jamie,alycia.jamie@gmail.com,Fri, 11 Dec 1992 23:58:47 GMT
Catalina,Shawn,catalina.shawn@gmail.com,Sat, 23 Jun 2001 16:43:54 GMT
Lisandro,Emerson,lisandro.emerson@gmail.com,Fri, 13 Jan 1995 06:27:32 GMT
Genoveva,Phoenix,genoveva.phoenix@gmail.com,Wed, 11 Apr 1973 08:56:19 GMT
Marc,Gray,marc.gray@gmail.com,Wed, 10 Feb 1954 19:11:20 GMT
Joaquin,River,joaquin.river@gmail.com,Fri, 23 Mar 1979 14:11:22 GMT
Dee,August,dee.august@gmail.com,Wed, 09 Nov 1960 06:07:46 GMT
Thelma,Parker,thelma.parker@gmail.com,Sun, 30 Dec 1951 13:50:16 GMT
Guadalupe,Emerson,guadalupe.emerson@gmail.com,Tue, 21 Oct 1947 13:24:23 GMT
Joana,Kyle,joana.kyle@gmail.com,Thu, 11 Nov 1954 20:21:43 GMT
Louvenia,Logan,louvenia.logan@gmail.com,Fri, 04 Jan 2002 00:53:02 GMT
Angelo,Cameron,angelo.cameron@gmail.com,Mon, 19 Jan 1959 04:04:46 GMT
Dean,Drew,dean.drew@gmail.com,Sun, 26 Sep 1943 05:48:50 GMT
Josianne,London,josianne.london@gmail.com,Mon, 06 Sep 1965 19:41:49 GMT
Maida,Greer,maida.greer@gmail.com,Thu, 03 Mar 1977 16:17:57 GMT
Davin,Leslie,davin.leslie@gmail.com,Thu, 06 Jun 1957 22:46:14 GMT
Joshua,Reagan,joshua.reagan@gmail.com,Tue, 29 Jul 1969 09:49:41 GMT
Lon,Drew,lon.drew@gmail.com,Sat, 24 Aug 1968 08:09:22 GMT
Vita,Taylor,vita.taylor@gmail.com,Tue, 30 Jan 1945 19:59:29 GMT
Isadore,Arden,isadore.arden@gmail.com,Fri, 20 Oct 1967 20:32:18 GMT
Jailyn,Drew,jailyn.drew@gmail.com,Thu, 18 Sep 1969 07:34:02 GMT
Kendra,Arden,kendra.arden@gmail.com,Wed, 17 Dec 1969 08:11:41 GMT
Alysson,Billie,alysson.billie@gmail.com,Sat, 29 Sep 1945 16:27:26 GMT
Allan,Bowie,allan.bowie@gmail.com,Sun, 03 Oct 1999 12:41:34 GMT
Ladarius,Marlowe,ladarius.marlowe@gmail.com,Thu, 21 Mar 1985 18:55:36 GMT
Heaven,Jules,heaven.jules@gmail.com,Sat, 31 Mar 1962 18:10:02 GMT
Koby,Marlowe,koby.marlowe@gmail.com,Thu, 11 Sep 1997 09:37:22 GMT
Leon,Greer,leon.greer@gmail.com,Thu, 23 Nov 1978 23:12:13 GMT
Merritt,Kyle,merritt.kyle@gmail.com,Sat, 06 Nov 1993 18:10:51 GMT
Edgardo,Harper,edgardo.harper@gmail.com,Sun, 09 Jan 1955 22:42:08 GMT
Christiana,Ryan,christiana.ryan@gmail.com,Wed, 29 Oct 1947 12:18:22 GMT
Lyla,Cameron,lyla.cameron@gmail.com,Thu, 13 Nov 1958 21:10:33 GMT
Helene,Skyler,helene.skyler@gmail.com,Tue, 10 Mar 1970 03:37:46 GMT
Jaydon,Jamie,jaydon.jamie@gmail.com,Wed, 10 Oct 1951 03:01:16 GMT
Domenica,Alex,domenica.alex@gmail.com,Tue, 21 Aug 1979 13:46:48 GMT
Rosendo,Jordan,rosendo.jordan@gmail.com,Sat, 25 Mar 1961 10:32:15 GMT
Kian,Anderson,kian.anderson@gmail.com,Wed, 10 Dec 1986 02:06:12 GMT
Jessy,Phoenix,jessy.phoenix@gmail.com,Fri, 26 Jun 1992 19:39:31 GMT
Sienna,Riley,sienna.riley@gmail.com,Thu, 19 Nov 1959 00:43:21 GMT
Odell,Rory,odell.rory@gmail.com,Fri, 03 Nov 1950 15:49:10 GMT
Teagan,Jules,teagan.jules@gmail.com,Sat, 03 Aug 1963 01:15:22 GMT
Taryn,Shawn,taryn.shawn@gmail.com,Fri, 22 Oct 1943 19:32:42 GMT
Nico,Sawyer,nico.sawyer@gmail.com,Fri, 04 Aug 2000 00:06:09 GMT
Baby,Sawyer,baby.sawyer@gmail.com,Thu, 01 Mar 2001 06:32:29 GMT
Reymundo,Jules,reymundo.jules@gmail.com,Thu, 05 Oct 1967 11:48:43 GMT
Isabel,Jamie,isabel.jamie@gmail.com,Sun, 25 Mar 1990 16:03:24 GMT
Lamont,Greer,lamont.greer@gmail.com,Sun, 14 Dec 1997 16:30:57 GMT
Paul,Drew,paul.drew@gmail.com,Sat, 02 Oct 1943 21:25:09 GMT
Lela,Kendall,lela.kendall@gmail.com,Wed, 27 May 1959 23:44:14 GMT
Ross,Quinn,ross.quinn@gmail.com,Wed, 24 Jul 1974 07:41:43 GMT
Adelle,Addison,adelle.addison@gmail.com,Wed, 04 Jun 2003 02:04:35 GMT
Gillian,Rory,gillian.rory@gmail.com,Wed, 30 Jun 1948 21:54:10 GMT
Shad,James,shad.james@gmail.com,Sun, 31 Aug 1947 12:08:59 GMT
Vivianne,Reign,vivianne.reign@gmail.com,Tue, 14 Apr 1981 13:17:06 GMT
Annette,Jordan,annette.jordan@gmail.com,Mon, 01 Apr 1963 06:21:05 GMT
Cloyd,Quinn,cloyd.quinn@gmail.com,Wed, 17 Mar 1954 21:35:56 GMT
Esther,London,esther.london@gmail.com,Tue, 29 Jan 1957 16:55:18 GMT
Stewart,Leslie,stewart.leslie@gmail.com,Thu, 24 Sep 1992 08:28:29 GMT
Catherine,Drew,catherine.drew@gmail.com,Sat, 11 May 1991 22:11:40 GMT
Isac,Kendall,isac.kendall@gmail.com,Sat, 01 May 1982 21:55:42 GMT
Arden,Kendall,arden.kendall@gmail.com,Sat, 28 Aug 1982 14:51:49 GMT
Eda,Anderson,eda.anderson@gmail.com,Sat, 06 Nov 1982 22:58:24 GMT
Alysa,Jordan,alysa.jordan@gmail.com,Sat, 24 Apr 1971 16:19:21 GMT
Alexane,Leslie,alexane.leslie@gmail.com,Fri, 05 Jul 1974 17:48:27 GMT
Nelson,Phoenix,nelson.phoenix@gmail.com,Sat, 10 Aug 1991 15:45:58 GMT
Roxane,Bailey,roxane.bailey@gmail.com,Tue, 10 Oct 1978 00:21:05 GMT
Jordyn,Ellis,jordyn.ellis@gmail.com,Thu, 22 May 2003 07:40:56 GMT
Bernadette,Kyle,bernadette.kyle@gmail.com,Wed, 02 Sep 1964 14:59:09 GMT
Dillan,Kennedy,dillan.kennedy@gmail.com,Sat, 13 Sep 1947 19:39:04 GMT
Leora,Austin,leora.austin@gmail.com,Tue, 27 Feb 1996 11:46:14 GMT
Ervin,Robin,ervin.robin@gmail.com,Sat, 29 Jul 1950 10:00:47 GMT
Jesse,Anderson,jesse.anderson@gmail.com,Wed, 09 Jul 1997 21:09:53 GMT
Eudora,Reagan,eudora.reagan@gmail.com,Tue, 08 Apr 1975 08:00:45 GMT
Hanna,Emerson,hanna.emerson@gmail.com,Sun, 11 May 1980 14:24:23 GMT
Jazmyn,Reign,jazmyn.reign@gmail.com,Wed, 08 Jun 1966 04:19:55 GMT
Carleton,Micah,carleton.micah@gmail.com,Wed, 20 Jul 1966 16:09:03 GMT
Abigail,Emerson,abigail.emerson@gmail.com,Fri, 25 Feb 2000 08:54:05 GMT
Jayce,Sawyer,jayce.sawyer@gmail.com,Thu, 05 Mar 1970 08:44:01 GMT
Kiel,Bailey,kiel.bailey@gmail.com,Wed, 18 Aug 1948 04:15:26 GMT
Lucie,Angel,lucie.angel@gmail.com,Sat, 04 Apr 1987 07:27:14 GMT
Vella,Jules,vella.jules@gmail.com,Wed, 13 May 1987 02:20:44 GMT
Anthony,Alex,anthony.alex@gmail.com,Sat, 28 Apr 1984 08:48:02 GMT
Mireya,Shiloh,mireya.shiloh@gmail.com,Sat, 24 Jun 1950 17:23:13 GMT
Elian,Ryan,elian.ryan@gmail.com,Tue, 04 Mar 1975 00:13:12 GMT
Edna,Cameron,edna.cameron@gmail.com,Sun, 16 Feb 2003 20:11:36 GMT
Jakayla,Anderson,jakayla.anderson@gmail.com,Wed, 29 Aug 2001 17:51:16 GMT
Nedra,James,nedra.james@gmail.com,Fri, 21 Nov 1980 03:56:28 GMT
Camille,Jordan,camille.jordan@gmail.com,Sun, 21 Jan 1973 02:38:11 GMT
Mallie,Kai,mallie.kai@gmail.com,Sun, 11 Dec 1983 07:54:28 GMT
Mariah,Avery,mariah.avery@gmail.com,Sun, 31 May 1959 10:09:56 GMT
Bettie,Bowie,bettie.bowie@gmail.com,Sat, 19 Oct 2002 14:32:42 GMT
Josue,Cameron,josue.cameron@gmail.com,Wed, 19 Dec 1990 07:09:08 GMT
Corbin,Rowan,corbin.rowan@gmail.com,Mon, 02 Aug 1965 03:10:34 GMT
Marguerite,Drew,marguerite.drew@gmail.com,Thu, 09 Jan 1992 23:20:28 GMT
Doug,Bowie,doug.bowie@gmail.com,Fri, 24 Apr 1970 10:48:11 GMT
Nicholas,Greer,nicholas.greer@gmail.com,Sat, 23 May 1953 19:06:04 GMT
Gerald,August,gerald.august@gmail.com,Sun, 27 Oct 1946 09:57:01 GMT
Lea,Gray,lea.gray@gmail.com,Mon, 10 May 1993 05:08:37 GMT
Sarah,Elliott,sarah.elliott@gmail.com,Tue, 07 May 1968 13:49:22 GMT
Maddison,Marlowe,maddison.marlowe@gmail.com,Tue, 27 Aug 1974 07:09:25 GMT
Kale,Anderson,kale.anderson@gmail.com,Fri, 30 Nov 2001 18:35:08 GMT
Kasandra,Bailey,kasandra.bailey@gmail.com,Mon, 24 May 1948 16:22:06 GMT
Everardo,London,everardo.london@gmail.com,Sun, 29 Nov 1998 08:41:07 GMT
Lowell,Blake,lowell.blake@gmail.com,Fri, 15 Nov 1985 02:14:58 GMT
Lavinia,Jordan,lavinia.jordan@gmail.com,Mon, 09 Feb 1948 00:48:04 GMT
Annalise,Reagan,annalise.reagan@gmail.com,Sat, 29 Oct 1983 08:35:04 GMT
Leopoldo,Arden,leopoldo.arden@gmail.com,Tue, 09 Dec 1997 14:21:21 GMT
Marjorie,Sage,marjorie.sage@gmail.com,Wed, 26 May 1948 19:44:12 GMT
Darrel,Marlowe,darrel.marlowe@gmail.com,Fri, 02 Oct 1987 08:28:02 GMT
Roslyn,Austin,roslyn.austin@gmail.com,Wed, 30 Jan 1957 19:21:05 GMT
Troy,Brooklyn,troy.brooklyn@gmail.com,Tue, 22 Aug 2000 18:45:20 GMT
Presley,Quinn,presley.quinn@gmail.com,Thu, 04 Mar 1976 21:28:20 GMT
Otto,Riley,otto.riley@gmail.com,Wed, 10 Feb 1965 07:01:30 GMT
Adrian,Addison,adrian.addison@gmail.com,Tue, 03 Mar 1970 04:05:58 GMT
Krystina,Angel,krystina.angel@gmail.com,Tue, 27 Mar 1951 17:35:29 GMT
Virginie,Harper,virginie.harper@gmail.com,Tue, 13 Jan 1948 20:54:03 GMT
Evan,Hayden,evan.hayden@gmail.com,Thu, 22 Mar 1979 06:41:16 GMT
Bennett,Kyle,bennett.kyle@gmail.com,Sat, 09 Jan 1943 06:59:32 GMT
Xander,Addison,xander.addison@gmail.com,Mon, 03 May 1965 23:04:43 GMT
Lera,Harper,lera.harper@gmail.com,Tue, 10 Dec 1963 19:31:26 GMT
Diana,Reign,diana.reign@gmail.com,Wed, 26 Jun 1946 20:06:21 GMT
Cary,Elliott,cary.elliott@gmail.com,Fri, 20 Feb 1953 05:22:28 GMT
Easton,Ryan,easton.ryan@gmail.com,Thu, 30 Nov 1989 00:53:23 GMT
Kyle,Addison,kyle.addison@gmail.com,Tue, 30 Jun 1959 06:16:45 GMT
Megane,Blake,megane.blake@gmail.com,Sat, 31 Jan 1953 07:29:13 GMT
Emmie,Quinn,emmie.quinn@gmail.com,Tue, 12 Nov 1968 09:39:00 GMT
Emmy,Leslie,emmy.leslie@gmail.com,Tue, 29 Feb 2000 06:17:48 GMT
Kenny,Harper,kenny.harper@gmail.com,Fri, 31 Mar 1961 00:44:22 GMT
Willie,Reese,willie.reese@gmail.com,Wed, 23 Nov 1988 06:21:31 GMT
Garrick,Reign,garrick.reign@gmail.com,Fri, 24 Sep 1999 05:34:41 GMT
Sven,Rory,sven.rory@gmail.com,Mon, 09 Jun 2003 08:36:08 GMT
Moses,Billie,moses.billie@gmail.com,Sat, 11 Jul 1964 12:03:14 GMT
Iva,Austin,iva.austin@gmail.com,Sat, 02 Oct 2004 04:27:55 GMT
Dee,Quinn,dee.quinn@gmail.com,Sun, 01 Jul 1990 13:43:18 GMT
Abdullah,Alex,abdullah.alex@gmail.com,Thu, 18 Nov 1982 05:18:06 GMT
Erna,Gray,erna.gray@gmail.com,Sun, 24 Jun 1951 09:25:26 GMT
Freeman,Avery,freeman.avery@gmail.com,Mon, 26 Dec 1994 12:20:40 GMT
Ahmed,Sasha,ahmed.sasha@gmail.com,Sun, 23 May 1954 08:32:23 GMT
Allan,Phoenix,allan.phoenix@gmail.com,Fri, 02 Jul 1943 05:33:24 GMT
Tracy,Marlowe,tracy.marlowe@gmail.com,Tue, 17 May 1966 10:19:29 GMT
Zola,Kennedy,zola.kennedy@gmail.com,Sun, 17 Jun 1951 13:34:05 GMT
Joannie,Jaden,joannie.jaden@gmail.com,Fri, 24 Jun 1994 10:16:33 GMT
Ozella,Addison,ozella.addison@gmail.com,Sat, 12 Aug 1972 10:56:29 GMT
Melyna,Bailey,melyna.bailey@gmail.com,Sat, 25 Nov 1972 11:09:28 GMT
Abel,Austin,abel.austin@gmail.com,Tue, 29 Oct 1996 22:15:19 GMT
Summer,Rowan,summer.rowan@gmail.com,Wed, 30 Jul 1969 09:40:46 GMT
Brice,Brooklyn,brice.brooklyn@gmail.com,Sat, 26 Aug 1967 20:07:53 GMT
Sasha,Shiloh,sasha.shiloh@gmail.com,Tue, 16 Oct 1951 04:12:54 GMT
Lucile,Reign,lucile.reign@gmail.com,Fri, 08 Dec 2000 05:27:00 GMT
Hattie,Bailey,hattie.bailey@gmail.com,Thu, 17 Nov 1966 07:00:32 GMT
Domenic,James,domenic.james@gmail.com,Sun, 06 Feb 2005 14:33:12 GMT
Marcel,Kai,marcel.kai@gmail.com,Sun, 19 Sep 1993 18:37:04 GMT
Ena,Brooklyn,ena.brooklyn@gmail.com,Tue, 21 Feb 1967 23:16:29 GMT
Patricia,Jules,patricia.jules@gmail.com,Mon, 23 Sep 2002 10:03:22 GMT
Marjorie,Jules,marjorie.jules@gmail.com,Thu, 09 Aug 1951 22:16:44 GMT
Elyse,Robin,elyse.robin@gmail.com,Mon, 15 Jul 1946 15:14:52 GMT
Kamron,Nico,kamron.nico@gmail.com,Wed, 28 Nov 2001 07:38:26 GMT
Rollin,Blake,rollin.blake@gmail.com,Wed, 19 Jun 1968 07:19:53 GMT
Germaine,Anderson,germaine.anderson@gmail.com,Sat, 05 Mar 1966 04:15:35 GMT
Ansel,Gray,ansel.gray@gmail.com,Tue, 09 Apr 1946 05:13:22 GMT
Cassie,Noah,cassie.noah@gmail.com,Mon, 08 Oct 2001 05:20:26 GMT
Jaren,Jules,jaren.jules@gmail.com,Tue, 01 Feb 2000 18:39:36 GMT
Blanca,Charlie,blanca.charlie@gmail.com,Wed, 01 Dec 1965 10:45:31 GMT
Justine,Logan,justine.logan@gmail.com,Sat, 08 Feb 1986 19:40:10 GMT
Walton,Sage,walton.sage@gmail.com,Wed, 07 Dec 1949 05:58:43 GMT
Telly,Nico,telly.nico@gmail.com,Thu, 25 Apr 2002 11:42:13 GMT
Andy,Sage,andy.sage@gmail.com,Wed, 06 Apr 1994 07:48:52 GMT
Alayna,Ryan,alayna.ryan@gmail.com,Mon, 23 Jan 1956 13:21:50 GMT
Carleton,Jules,carleton.jules@gmail.com,Mon, 08 Mar 2004 18:53:27 GMT
Antoinette,Quinn,antoinette.quinn@gmail.com,Thu, 03 Oct 1957 03:16:38 GMT
Dallas,Angel,dallas.angel@gmail.com,Sat, 05 Dec 1953 02:56:51 GMT
Sabryna,Taylor,sabryna.taylor@gmail.com,Sat, 31 Mar 1990 22:36:58 GMT
Beatrice,Arden,beatrice.arden@gmail.com,Sun, 21 Apr 1968 01:47:50 GMT
Addie,North,addie.north@gmail.com,Tue, 21 Jul 1970 09:07:19 GMT
Webster,Bowie,webster.bowie@gmail.com,Mon, 16 Aug 1954 20:51:31 GMT
Marcia,Micah,marcia.micah@gmail.com,Sun, 18 Apr 1993 18:53:13 GMT
Marquise,Leslie,marquise.leslie@gmail.com,Thu, 16 Jun 1966 10:21:11 GMT
Adela,Taylor,adela.taylor@gmail.com,Wed, 21 Feb 1951 19:35:39 GMT
Shanel,Kai,shanel.kai@gmail.com,Sun, 17 Feb 2002 00:26:17 GMT
Annette,Skyler,annette.skyler@gmail.com,Mon, 11 Apr 1994 01:12:33 GMT
Jennyfer,Jordan,jennyfer.jordan@gmail.com,Sat, 06 Jul 1985 13:14:36 GMT
Janessa,Jules,janessa.jules@gmail.com,Mon, 03 May 1999 15:43:43 GMT
Wilfrid,Harper,wilfrid.harper@gmail.com,Sun, 10 Jun 1951 04:32:10 GMT
Ramon,Harper,ramon.harper@gmail.com,Sun, 12 Jul 1953 18:53:28 GMT
Geo,Kyle,geo.kyle@gmail.com,Wed, 14 Mar 1990 22:30:45 GMT
Alycia,Logan,alycia.logan@gmail.com,Sun, 31 May 1981 21:33:31 GMT
Elinor,Ryan,elinor.ryan@gmail.com,Tue, 11 Feb 1964 05:41:59 GMT
Anissa,River,anissa.river@gmail.com,Sun, 21 Jul 1963 07:45:17 GMT
Brendon,Skyler,brendon.skyler@gmail.com,Mon, 19 Mar 1945 19:19:02 GMT
Alessandra,Ellis,alessandra.ellis@gmail.com,Sun, 20 Mar 1960 01:34:02 GMT
Ned,Bowie,ned.bowie@gmail.com,Mon, 04 Sep 1961 18:04:49 GMT
Therese,Blake,therese.blake@gmail.com,Tue, 31 Mar 1964 12:46:09 GMT
Burley,Jaden,burley.jaden@gmail.com,Sun, 29 Apr 1984 16:20:55 GMT
Audreanne,Billie,audreanne.billie@gmail.com,Tue, 06 Feb 1945 18:47:47 GMT
Jon,Jordan,jon.jordan@gmail.com,Sun, 12 Mar 1961 16:17:13 GMT
Jaqueline,Emerson,jaqueline.emerson@gmail.com,Tue, 03 Nov 1970 15:31:16 GMT
Cullen,Bailey,cullen.bailey@gmail.com,Fri, 16 Sep 1988 12:13:56 GMT
Ena,Skyler,ena.skyler@gmail.com,Mon, 28 Apr 1952 02:12:37 GMT
Jolie,Drew,jolie.drew@gmail.com,Wed, 27 Sep 1944 16:33:56 GMT
Aniya,Ellis,aniya.ellis@gmail.com,Tue, 12 Apr 1955 01:32:56 GMT
Dorcas,Arden,dorcas.arden@gmail.com,Sat, 11 Aug 1990 22:42:02 GMT
Gaetano,Jaden,gaetano.jaden@gmail.com,Fri, 12 Aug 1977 20:17:38 GMT
Jordan,Hayden,jordan.hayden@gmail.com,Thu, 19 Nov 1992 04:39:50 GMT
Damian,Kennedy,damian.kennedy@gmail.com,Sun, 31 Dec 1967 12:30:25 GMT
Ena,Riley,ena.riley@gmail.com,Wed, 29 Jun 1955 05:17:15 GMT
Michaela,Bailey,michaela.bailey@gmail.com,Wed, 27 Nov 1968 02:07:42 GMT
Conner,Bailey,conner.bailey@gmail.com,Sat, 11 May 1968 01:02:24 GMT
Jerad,Blake,jerad.blake@gmail.com,Fri, 11 Aug 1995 07:34:09 GMT
Abraham,Reese,abraham.reese@gmail.com,Tue, 01 May 1956 08:23:38 GMT
Parker,Nico,parker.nico@gmail.com,Tue, 28 Aug 1956 16:05:00 GMT
Mya,Angel,mya.angel@gmail.com,Sun, 03 Apr 1983 17:45:28 GMT
Flavie,Taylor,flavie.taylor@gmail.com,Fri, 01 Jun 1984 03:16:23 GMT
Elenora,Addison,elenora.addison@gmail.com,Sun, 14 Nov 1982 10:18:13 GMT
Enoch,Harper,enoch.harper@gmail.com,Sat, 18 Mar 1961 10:49:33 GMT
Lupe,River,lupe.river@gmail.com,Thu, 24 Aug 1978 01:14:27 GMT
Samanta,Kendall,samanta.kendall@gmail.com,Wed, 31 Aug 1966 21:10:04 GMT
Clifton,Leslie,clifton.leslie@gmail.com,Thu, 07 Nov 1957 16:30:37 GMT
Jennings,Taylor,jennings.taylor@gmail.com,Mon, 06 Feb 1995 10:47:07 GMT
Miracle,Leslie,miracle.leslie@gmail.com,Mon, 27 Apr 1953 09:56:20 GMT
Randal,Alex,randal.alex@gmail.com,Thu, 24 May 1973 06:26:23 GMT
Hildegard,Kendall,hildegard.kendall@gmail.com,Sun, 17 Apr 1977 23:59:27 GMT
Ed,Sasha,ed.sasha@gmail.com,Fri, 30 May 1997 15:51:10 GMT
Mohammed,Bowie,mohammed.bowie@gmail.com,Sat, 27 Sep 1969 18:37:40 GMT
Archibald,August,archibald.august@gmail.com,Tue, 27 Jan 1970 19:06:03 GMT
Quincy,Noah,quincy.noah@gmail.com,Mon, 03 May 1999 16:44:41 GMT
Minerva,Austin,minerva.austin@gmail.com,Tue, 02 Nov 1999 09:04:37 GMT
Solon,Avery,solon.avery@gmail.com,Wed, 10 Nov 1993 06:29:35 GMT
Jon,Skyler,jon.skyler@gmail.com,Mon, 18 Oct 2004 15:03:01 GMT
Bailee,Ellis,bailee.ellis@gmail.com,Mon, 25 Dec 1961 23:17:39 GMT
Elmo,Ryan,elmo.ryan@gmail.com,Thu, 10 Dec 1992 14:37:54 GMT
Kiara,Brooklyn,kiara.brooklyn@gmail.com,Mon, 26 Feb 1951 02:37:34 GMT
Jasen,Robin,jasen.robin@gmail.com,Wed, 03 Aug 1955 19:05:01 GMT
Edmond,Austin,edmond.austin@gmail.com,Tue, 22 Dec 1953 02:01:24 GMT
Marty,Nico,marty.nico@gmail.com,Wed, 06 Jun 1956 10:22:13 GMT
Joanne,Harper,joanne.harper@gmail.com,Wed, 22 Jan 1964 02:58:31 GMT
Alfred,Riley,alfred.riley@gmail.com,Thu, 05 Apr 1973 18:18:17 GMT
Verdie,Harper,verdie.harper@gmail.com,Fri, 07 Oct 1960 10:58:45 GMT
Luna,Bailey,luna.bailey@gmail.com,Thu, 03 Nov 1994 16:35:03 GMT
Shemar,Avery,shemar.avery@gmail.com,Sat, 13 Nov 1976 14:02:41 GMT
Oleta,Reagan,oleta.reagan@gmail.com,Thu, 10 Aug 1950 14:10:51 GMT
Enos,London,enos.london@gmail.com,Tue, 12 Dec 2000 11:35:56 GMT
Rhiannon,Brooklyn,rhiannon.brooklyn@gmail.com,Tue, 11 Dec 1990 17:50:25 GMT
Myrl,Hayden,myrl.hayden@gmail.com,Tue, 12 Mar 1974 12:29:38 GMT
Kennedy,Kyle,kennedy.kyle@gmail.com,Mon, 31 Mar 1986 05:01:46 GMT
Oliver,Kyle,oliver.kyle@gmail.com,Tue, 10 Aug 1965 02:07:19 GMT
Ramiro,Reese,ramiro.reese@gmail.com,Wed, 05 Apr 1950 23:19:09 GMT
Garland,Skyler,garland.skyler@gmail.com,Wed, 24 Feb 1954 00:03:23 GMT
Selina,Taylor,selina.taylor@gmail.com,Thu, 18 Mar 2004 01:45:12 GMT
Kennedy,Austin,kennedy.austin@gmail.com,Thu, 05 Feb 1948 15:48:47 GMT
Lloyd,Bowie,lloyd.bowie@gmail.com,Wed, 28 Sep 1988 08:36:07 GMT
Lavada,Bowie,lavada.bowie@gmail.com,Sun, 30 Dec 1973 19:48:51 GMT
Leslie,Kendall,leslie.kendall@gmail.com,Mon, 12 Dec 1960 20:32:48 GMT
Haylee,Charlie,haylee.charlie@gmail.com,Sat, 12 Dec 1998 22:12:55 GMT
Vivian,Cameron,vivian.cameron@gmail.com,Sat, 14 Sep 1963 22:30:44 GMT
Florine,Jaden,florine.jaden@gmail.com,Mon, 01 Aug 1949 00:16:48 GMT
Joany,Charlie,joany.charlie@gmail.com,Thu, 22 Mar 1979 17:02:02 GMT
Molly,Emerson,molly.emerson@gmail.com,Fri, 17 Aug 1945 21:44:41 GMT
Lester,Hayden,lester.hayden@gmail.com,Tue, 01 Oct 1996 00:34:16 GMT
Judge,Shiloh,judge.shiloh@gmail.com,Sat, 28 Dec 1996 13:40:37 GMT
Keira,Blake,keira.blake@gmail.com,Wed, 01 Jun 1966 19:42:28 GMT
Regan,Alex,regan.alex@gmail.com,Fri, 12 Mar 1954 04:43:50 GMT
Jaiden,Billie,jaiden.billie@gmail.com,Fri, 04 Sep 1998 11:51:04 GMT
Chelsey,North,chelsey.north@gmail.com,Tue, 24 Mar 1970 23:43:59 GMT
Rolando,Austin,rolando.austin@gmail.com,Tue, 10 May 1994 22:22:12 GMT
Otilia,Reagan,otilia.reagan@gmail.com,Sat, 22 Aug 1981 09:29:16 GMT
Darlene,Finley,darlene.finley@gmail.com,Mon, 05 Apr 2004 07:46:16 GMT
Sydnee,Billie,sydnee.billie@gmail.com,Mon, 07 Jun 1965 16:48:35 GMT
Adella,Greer,adella.greer@gmail.com,Fri, 15 Mar 1963 06:42:30 GMT
Carlos,Addison,carlos.addison@gmail.com,Sun, 31 Aug 1952 19:41:25 GMT
Darrion,Rory,darrion.rory@gmail.com,Sat, 07 Jul 1951 21:30:55 GMT
Darian,Riley,darian.riley@gmail.com,Wed, 06 Dec 1967 03:46:09 GMT
Nicola,Harper,nicola.harper@gmail.com,Fri, 01 Jan 1954 04:47:33 GMT
Buford,Kai,buford.kai@gmail.com,Fri, 06 Aug 1948 19:21:05 GMT
Sandra,Jules,sandra.jules@gmail.com,Mon, 09 Jul 1973 06:52:22 GMT
Vivianne,Parker,vivianne.parker@gmail.com,Wed, 27 May 1998 07:19:39 GMT
Estrella,Riley,estrella.riley@gmail.com,Wed, 18 Jan 1989 17:23:27 GMT
Jacklyn,Nico,jacklyn.nico@gmail.com,Sun, 27 May 1962 14:15:54 GMT
Jade,Alex,jade.alex@gmail.com,Tue, 28 Aug 1990 11:49:04 GMT
Morgan,Austin,morgan.austin@gmail.com,Fri, 05 Jun 1970 02:59:34 GMT
Emil,Billie,emil.billie@gmail.com,Fri, 19 Aug 1988 06:22:09 GMT
Gerson,Kendall,gerson.kendall@gmail.com,Sun, 30 Jun 1996 14:57:22 GMT
Monroe,Quinn,monroe.quinn@gmail.com,Sat, 28 Jun 1986 22:13:12 GMT
Grayson,Ellis,grayson.ellis@gmail.com,Fri, 14 Oct 1949 20:25:34 GMT
Angelo,Finley,angelo.finley@gmail.com,Tue, 16 Jun 1970 13:48:24 GMT
Bryce,Jaden,bryce.jaden@gmail.com,Mon, 11 Aug 1986 23:56:58 GMT
Rhea,Billie,rhea.billie@gmail.com,Mon, 19 Sep 1966 03:35:27 GMT
Lilian,Emerson,lilian.emerson@gmail.com,Tue, 24 May 1988 19:44:21 GMT
Isobel,Bowie,isobel.bowie@gmail.com,Sun, 03 May 1981 08:26:46 GMT
Justice,Kyle,justice.kyle@gmail.com,Sat, 03 Nov 1956 13:30:49 GMT
Richard,Greer,richard.greer@gmail.com,Tue, 27 May 2003 18:08:00 GMT
Esperanza,Quinn,esperanza.quinn@gmail.com,Sun, 19 Dec 1965 11:37:58 GMT
Fabian,Sawyer,fabian.sawyer@gmail.com,Wed, 26 Jan 1972 02:43:45 GMT
Marjorie,Logan,marjorie.logan@gmail.com,Wed, 15 Sep 1954 02:43:49 GMT
Naomie,River,naomie.river@gmail.com,Sat, 20 Sep 1975 04:50:49 GMT
Jaylon,Riley,jaylon.riley@gmail.com,Tue, 25 Oct 1977 13:00:28 GMT
Clyde,Angel,clyde.angel@gmail.com,Tue, 09 May 2000 00:21:07 GMT
Nadia,Kendall,nadia.kendall@gmail.com,Thu, 16 Oct 1947 01:52:30 GMT
Chris,Greer,chris.greer@gmail.com,Fri, 02 May 2003 13:08:24 GMT
Jennyfer,Reese,jennyfer.reese@gmail.com,Fri, 28 May 1976 21:42:13 GMT
Era,North,era.north@gmail.com,Wed, 19 May 1943 10:27:17 GMT
Ali,Austin,ali.austin@gmail.com,Fri, 17 Dec 1954 22:38:05 GMT
Evie,Rory,evie.rory@gmail.com,Wed, 26 Aug 1987 05:34:18 GMT
Keon,Kai,keon.kai@gmail.com,Sun, 18 Oct 1992 10:25:29 GMT
Kacey,North,kacey.north@gmail.com,Tue, 23 Oct 1979 23:34:53 GMT
Kaleigh,Micah,kaleigh.micah@gmail.com,Sun, 15 Apr 1979 01:48:26 GMT
Harry,Kyle,harry.kyle@gmail.com,Thu, 16 Nov 2000 08:28:38 GMT
Cortney,Bailey,cortney.bailey@gmail.com,Sat, 16 Jun 1990 11:31:26 GMT
Mable,Hayden,mable.hayden@gmail.com,Thu, 24 Nov 1994 14:12:02 GMT
Brycen,Reagan,brycen.reagan@gmail.com,Tue, 08 Sep 1981 03:24:07 GMT
Dante,Jaden,dante.jaden@gmail.com,Mon, 19 Jun 1967 08:59:56 GMT
Tiana,Reese,tiana.reese@gmail.com,Wed, 04 Feb 1981 12:20:26 GMT
Myrtis,Leslie,myrtis.leslie@gmail.com,Sat, 24 May 1975 03:51:18 GMT
Hugh,Logan,hugh.logan@gmail.com,Sat, 13 May 1944 11:33:17 GMT
Jovany,Drew,jovany.drew@gmail.com,Sat, 21 Dec 1996 23:47:28 GMT
Jared,Harper,jared.harper@gmail.com,Thu, 28 Sep 1961 12:56:05 GMT
Nikolas,Leslie,nikolas.leslie@gmail.com,Sat, 05 Apr 1947 17:19:31 GMT
Allene,Alex,allene.alex@gmail.com,Wed, 22 Oct 1952 08:49:47 GMT
May,Bowie,may.bowie@gmail.com,Sun, 04 Jul 1971 08:45:41 GMT
Margarete,Bailey,margarete.bailey@gmail.com,Tue, 22 Feb 1994 06:32:25 GMT
Torey,Ryan,torey.ryan@gmail.com,Tue, 20 Apr 1982 04:08:43 GMT
Clovis,Reese,clovis.reese@gmail.com,Tue, 25 Feb 1997 06:18:51 GMT
Destiny,Corey,destiny.corey@gmail.com,Thu, 01 Aug 1946 06:45:19 GMT
Emelie,Logan,emelie.logan@gmail.com,Tue, 30 Nov 1999 18:30:31 GMT
Lucious,Logan,lucious.logan@gmail.com,Mon, 11 Dec 1967 11:40:21 GMT
Solon,Logan,solon.logan@gmail.com,Mon, 16 Oct 1995 13:11:59 GMT
Kenya,Shawn,kenya.shawn@gmail.com,Wed, 13 Apr 1966 01:43:31 GMT
Cristina,Noah,cristina.noah@gmail.com,Sun, 14 Aug 2005 15:26:08 GMT
Holly,Gray,holly.gray@gmail.com,Sun, 06 Nov 1994 21:55:57 GMT
Delores,Marlowe,delores.marlowe@gmail.com,Sat, 28 Jun 1952 21:04:01 GMT
Donavon,Skyler,donavon.skyler@gmail.com,Mon, 29 Mar 1954 13:11:49 GMT
Odell,Dakota,odell.dakota@gmail.com,Mon, 10 Apr 1989 06:39:33 GMT
Anne,Ellis,anne.ellis@gmail.com,Tue, 28 Oct 1958 11:09:42 GMT
Camila,Bailey,camila.bailey@gmail.com,Sun, 05 Dec 1976 15:41:35 GMT
Jeff,Reign,jeff.reign@gmail.com,Sat, 05 May 1990 14:24:04 GMT
Danielle,Logan,danielle.logan@gmail.com,Fri, 04 Oct 1974 18:37:32 GMT
Tiana,Hayden,tiana.hayden@gmail.com,Mon, 31 Mar 1997 08:49:19 GMT
Kassandra,Kendall,kassandra.kendall@gmail.com,Sun, 05 Apr 1987 08:50:40 GMT
Dino,Leslie,dino.leslie@gmail.com,Sun, 15 Jun 1980 02:59:00 GMT
Grayson,Rowan,grayson.rowan@gmail.com,Wed, 19 Feb 1964 23:17:32 GMT
Gretchen,Kai,gretchen.kai@gmail.com,Sat, 26 Nov 1955 22:38:45 GMT
Kasey,Greer,kasey.greer@gmail.com,Fri, 23 Sep 1966 05:01:41 GMT
Sigmund,Marlowe,sigmund.marlowe@gmail.com,Thu, 23 Dec 1993 20:05:13 GMT
Katelynn,Cameron,katelynn.cameron@gmail.com,Mon, 31 Jan 1944 21:06:43 GMT
Jany,Corey,jany.corey@gmail.com,Tue, 11 Apr 1989 23:50:42 GMT
Ewell,Robin,ewell.robin@gmail.com,Thu, 29 Mar 1956 19:27:29 GMT
Vladimir,Kennedy,vladimir.kennedy@gmail.com,Sat, 27 Jun 1953 03:18:20 GMT
Annabel,North,annabel.north@gmail.com,Sun, 12 Aug 1973 10:12:34 GMT
Joanne,Noah,joanne.noah@gmail.com,Thu, 25 Mar 1976 14:13:51 GMT
Josue,Parker,josue.parker@gmail.com,Thu, 12 Sep 1963 15:08:32 GMT
Ole,Addison,ole.addison@gmail.com,Thu, 03 Jun 1943 08:33:53 GMT
Piper,Marlowe,piper.marlowe@gmail.com,Sat, 13 Apr 1968 09:07:09 GMT
Sam,August,sam.august@gmail.com,Thu, 24 Apr 1986 12:25:01 GMT
Marcel,Shiloh,marcel.shiloh@gmail.com,Fri, 09 Jan 1987 21:34:36 GMT
Dortha,Alex,dortha.alex@gmail.com,Sat, 19 Mar 1988 15:04:04 GMT
Paolo,Blake,paolo.blake@gmail.com,Tue, 25 Aug 1987 14:21:10 GMT
Anna,Sasha,anna.sasha@gmail.com,Wed, 10 Aug 1966 11:09:52 GMT
Hortense,North,hortense.north@gmail.com,Thu, 31 Aug 2000 11:06:37 GMT
Jacques,Rowan,jacques.rowan@gmail.com,Sat, 14 Mar 1970 03:41:42 GMT
Luisa,Blake,luisa.blake@gmail.com,Wed, 21 Dec 1988 16:02:31 GMT
Gwendolyn,Corey,gwendolyn.corey@gmail.com,Tue, 14 May 1996 20:08:29 GMT
Jake,Sage,jake.sage@gmail.com,Sat, 11 Oct 1986 13:20:59 GMT
Macy,Elliott,macy.elliott@gmail.com,Mon, 10 May 1976 10:08:15 GMT
Jarod,Cameron,jarod.cameron@gmail.com,Sat, 30 Oct 1982 18:30:46 GMT
Jeremy,Noah,jeremy.noah@gmail.com,Sun, 31 Jan 1965 07:15:38 GMT
Julien,Kennedy,julien.kennedy@gmail.com,Sat, 16 Oct 1971 17:35:29 GMT
Justus,Logan,justus.logan@gmail.com,Tue, 22 Jun 1993 23:10:38 GMT
Tanner,Greer,tanner.greer@gmail.com,Sun, 24 Feb 1946 19:02:17 GMT
Fern,Reagan,fern.reagan@gmail.com,Fri, 26 Jun 1987 10:06:04 GMT
Lenora,Corey,lenora.corey@gmail.com,Tue, 27 May 2003 08:27:31 GMT
Zechariah,Corey,zechariah.corey@gmail.com,Wed, 26 Jul 1995 10:39:18 GMT
Sylvia,Ryan,sylvia.ryan@gmail.com,Thu, 02 Jun 1966 19:54:51 GMT
Fletcher,Anderson,fletcher.anderson@gmail.com,Sun, 29 Sep 1996 15:57:36 GMT
Jonas,Rowan,jonas.rowan@gmail.com,Mon, 25 Sep 1944 06:37:27 GMT
Krista,Rory,krista.rory@gmail.com,Wed, 18 Sep 1996 11:24:22 GMT
Theodora,Austin,theodora.austin@gmail.com,Wed, 27 Sep 2000 11:15:31 GMT
Donnell,Corey,donnell.corey@gmail.com,Sun, 02 Apr 2000 21:09:15 GMT
Clare,Dakota,clare.dakota@gmail.com,Wed, 26 May 1954 10:43:07 GMT
Sanford,Avery,sanford.avery@gmail.com,Sun, 11 Sep 1994 13:43:29 GMT
Terrance,Ellis,terrance.ellis@gmail.com,Wed, 20 Mar 1985 21:54:47 GMT
Jermain,Reign,jermain.reign@gmail.com,Fri, 10 Sep 1954 06:54:02 GMT
Shannon,Micah,shannon.micah@gmail.com,Sat, 02 Aug 1980 14:09:26 GMT
Ashton,Brooklyn,ashton.brooklyn@gmail.com,Sun, 15 Jun 1947 00:14:02 GMT
Theresia,Austin,theresia.austin@gmail.com,Sun, 28 Sep 1980 22:43:10 GMT
Jaren,Leslie,jaren.leslie@gmail.com,Sun, 14 Oct 1945 20:28:22 GMT
Sierra,Parker,sierra.parker@gmail.com,Wed, 04 Apr 1951 18:44:58 GMT
Cristopher,Rory,cristopher.rory@gmail.com,Thu, 20 Aug 1964 08:34:36 GMT
Dusty,Phoenix,dusty.phoenix@gmail.com,Mon, 21 Sep 1998 12:38:43 GMT
Elvie,Quinn,elvie.quinn@gmail.com,Wed, 12 Mar 1952 19:01:50 GMT
Diana,Leslie,diana.leslie@gmail.com,Wed, 23 Aug 1989 18:15:01 GMT
Cleora,Parker,cleora.parker@gmail.com,Thu, 02 Apr 1998 13:54:51 GMT
Candice,Kendall,candice.kendall@gmail.com,Wed, 07 Aug 1946 17:13:49 GMT
Keith,Jaden,keith.jaden@gmail.com,Sun, 30 Nov 1986 21:17:09 GMT
Yvonne,Emerson,yvonne.emerson@gmail.com,Fri, 05 Dec 1975 14:00:12 GMT
Brenda,Micah,brenda.micah@gmail.com,Sat, 28 Apr 1951 22:12:38 GMT
Cristina,Dakota,cristina.dakota@gmail.com,Fri, 18 Jul 1997 11:19:09 GMT
Austen,River,austen.river@gmail.com,Tue, 30 Jun 1998 15:27:21 GMT
Kaleigh,Rowan,kaleigh.rowan@gmail.com,Thu, 03 Nov 1988 21:35:21 GMT
Hipolito,Reagan,hipolito.reagan@gmail.com,Sat, 22 Sep 2001 11:07:29 GMT
Dixie,Avery,dixie.avery@gmail.com,Sun, 04 Feb 1968 20:13:05 GMT
Ansley,Ellis,ansley.ellis@gmail.com,Sat, 24 Sep 1949 04:36:53 GMT
Hattie,Alex,hattie.alex@gmail.com,Thu, 16 Jan 1975 12:08:08 GMT
Edgardo,Corey,edgardo.corey@gmail.com,Fri, 25 Feb 1944 23:38:41 GMT
Clotilde,River,clotilde.river@gmail.com,Wed, 07 Oct 1953 02:54:01 GMT
Myrtie,Austin,myrtie.austin@gmail.com,Tue, 02 Mar 1943 08:40:46 GMT
Zechariah,Brooklyn,zechariah.brooklyn@gmail.com,Sat, 31 Jul 1976 07:03:18 GMT
Myah,Brooklyn,myah.brooklyn@gmail.com,Thu, 03 Nov 1966 12:43:05 GMT
Raven,Sasha,raven.sasha@gmail.com,Fri, 04 Jun 1943 15:20:10 GMT
Jamel,James,jamel.james@gmail.com,Sun, 01 Jun 1952 11:36:12 GMT
Chelsea,Sawyer,chelsea.sawyer@gmail.com,Fri, 12 Nov 1948 20:53:00 GMT
Raoul,Robin,raoul.robin@gmail.com,Sat, 26 Aug 1950 15:30:13 GMT
Ransom,Taylor,ransom.taylor@gmail.com,Wed, 29 May 1963 17:07:20 GMT
Augusta,Brooklyn,augusta.brooklyn@gmail.com,Mon, 16 Mar 1964 08:21:47 GMT
Kattie,Shiloh,kattie.shiloh@gmail.com,Fri, 29 Sep 1950 21:47:08 GMT
Naomie,Billie,naomie.billie@gmail.com,Fri, 26 Sep 1975 09:15:31 GMT
Donna,Parker,donna.parker@gmail.com,Sun, 26 Apr 1981 08:05:52 GMT
Mohammed,Shawn,mohammed.shawn@gmail.com,Mon, 17 Aug 1959 23:47:49 GMT
Orlando,Rory,orlando.rory@gmail.com,Thu, 26 May 2005 06:32:05 GMT
Andre,Avery,andre.avery@gmail.com,Fri, 22 May 1970 04:38:31 GMT
Charley,Sasha,charley.sasha@gmail.com,Tue, 03 Jun 1986 05:57:31 GMT
Lucinda,River,lucinda.river@gmail.com,Thu, 14 Feb 1985 08:55:01 GMT
Jalyn,Kendall,jalyn.kendall@gmail.com,Sun, 30 Jul 1950 20:42:27 GMT
Zaria,Greer,zaria.greer@gmail.com,Wed, 15 Sep 1982 12:19:18 GMT
Lydia,Ryan,lydia.ryan@gmail.com,Sun, 21 Jul 1963 14:57:44 GMT
Jacquelyn,Ellis,jacquelyn.ellis@gmail.com,Sat, 27 Dec 1969 22:47:53 GMT
Logan,Leslie,logan.leslie@gmail.com,Fri, 05 Jan 1945 00:32:28 GMT
Christina,Harper,christina.harper@gmail.com,Wed, 21 Apr 1971 00:39:06 GMT
Georgette,Shiloh,georgette.shiloh@gmail.com,Fri, 25 Feb 1944 05:32:12 GMT
Zetta,Kai,zetta.kai@gmail.com,Mon, 19 Oct 1992 07:37:01 GMT
Arvel,Bowie,arvel.bowie@gmail.com,Mon, 26 Feb 1996 02:49:18 GMT
Haskell,Sasha,haskell.sasha@gmail.com,Mon, 31 May 2004 22:27:37 GMT
Gerson,Jules,gerson.jules@gmail.com,Fri, 07 Sep 1984 07:53:30 GMT
Kylie,Nico,kylie.nico@gmail.com,Thu, 30 May 2002 05:29:46 GMT
Polly,Kennedy,polly.kennedy@gmail.com,Fri, 07 Oct 1960 01:40:39 GMT
Ova,Bailey,ova.bailey@gmail.com,Sun, 06 Jul 1947 19:45:54 GMT
Lauryn,Jordan,lauryn.jordan@gmail.com,Sat, 10 Sep 2005 03:12:09 GMT
Alf,Corey,alf.corey@gmail.com,Fri, 27 Jun 1980 21:21:41 GMT
Kaelyn,Anderson,kaelyn.anderson@gmail.com,Mon, 11 Jan 1993 15:31:29 GMT
Pete,Jaden,pete.jaden@gmail.com,Wed, 07 May 1986 11:43:37 GMT
Randi,Quinn,randi.quinn@gmail.com,Wed, 27 Sep 1972 00:22:35 GMT
Liana,Emerson,liana.emerson@gmail.com,Mon, 30 Jul 1945 01:15:15 GMT
Carey,Jaden,carey.jaden@gmail.com,Fri, 28 Oct 1960 03:07:54 GMT
Johnathan,Taylor,johnathan.taylor@gmail.com,Thu, 13 May 1943 21:28:59 GMT
Dalton,Reign,dalton.reign@gmail.com,Sun, 26 Jun 1960 06:34:45 GMT
Karina,Kai,karina.kai@gmail.com,Tue, 29 Dec 1998 08:39:40 GMT
Sheridan,Marlowe,sheridan.marlowe@gmail.com,Wed, 20 Jul 1977 00:55:59 GMT
Alexis,Gray,alexis.gray@gmail.com,Fri, 20 Dec 2002 07:39:55 GMT
Violet,Shawn,violet.shawn@gmail.com,Sat, 26 Nov 2005 03:24:26 GMT
Shemar,Nico,shemar.nico@gmail.com,Fri, 03 Feb 1950 11:39:15 GMT
Kristian,Shawn,kristian.shawn@gmail.com,Sat, 03 Jun 1961 16:05:42 GMT
Bernardo,Jordan,bernardo.jordan@gmail.com,Sat, 26 Oct 1946 15:27:41 GMT
Rebekah,Sage,rebekah.sage@gmail.com,Thu, 12 Apr 2001 15:59:35 GMT
Shania,Reagan,shania.reagan@gmail.com,Tue, 22 Oct 1968 05:54:40 GMT
Alena,Drew,alena.drew@gmail.com,Sun, 31 Aug 1975 12:09:15 GMT
Stone,Riley,stone.riley@gmail.com,Mon, 26 Jul 1943 17:22:41 GMT
Demond,Finley,demond.finley@gmail.com,Sat, 19 Oct 2002 04:55:59 GMT
Laurine,Reese,laurine.reese@gmail.com,Sat, 12 Feb 1977 09:38:12 GMT
Edison,Kyle,edison.kyle@gmail.com,Wed, 13 Feb 2002 08:17:42 GMT
Jaleel,Finley,jaleel.finley@gmail.com,Fri, 13 Dec 1996 12:37:51 GMT
Jeremy,Phoenix,jeremy.phoenix@gmail.com,Thu, 24 May 2001 00:55:23 GMT
Misael,Shiloh,misael.shiloh@gmail.com,Thu, 20 Feb 1975 05:15:48 GMT
Alison,Kendall,alison.kendall@gmail.com,Thu, 26 Sep 1991 03:08:43 GMT
Deron,Blake,deron.blake@gmail.com,Thu, 23 Apr 1964 10:14:35 GMT
Mabel,Avery,mabel.avery@gmail.com,Thu, 25 Jan 1945 08:26:18 GMT
Colleen,Shawn,colleen.shawn@gmail.com,Sun, 12 May 1957 18:40:03 GMT
Ella,Micah,ella.micah@gmail.com,Thu, 04 Dec 1986 11:24:00 GMT
Toby,Bailey,toby.bailey@gmail.com,Sun, 17 Apr 1966 07:48:48 GMT
Luciano,Leslie,luciano.leslie@gmail.com,Fri, 10 Feb 1967 00:42:18 GMT
Nelson,Charlie,nelson.charlie@gmail.com,Sat, 10 Jan 1976 16:19:27 GMT
Gabrielle,Gray,gabrielle.gray@gmail.com,Sun, 22 Sep 1974 19:03:20 GMT
Alexandre,Rowan,alexandre.rowan@gmail.com,Thu, 27 Sep 1984 18:25:21 GMT
Cletus,Arden,cletus.arden@gmail.com,Thu, 11 Sep 1997 01:22:28 GMT
Reuben,Alex,reuben.alex@gmail.com,Sun, 22 Jan 1989 10:05:57 GMT
Cary,Greer,cary.greer@gmail.com,Sat, 11 Dec 1982 11:14:52 GMT
Marietta,London,marietta.london@gmail.com,Mon, 22 Mar 1976 22:57:41 GMT
Aiyana,Ryan,aiyana.ryan@gmail.com,Sat, 15 Sep 2001 23:34:22 GMT
Krystel,Brooklyn,krystel.brooklyn@gmail.com,Sat, 07 Aug 1999 01:00:53 GMT
Skyla,Rory,skyla.rory@gmail.com,Sat, 03 Apr 2004 19:59:07 GMT
Queenie,Avery,queenie.avery@gmail.com,Fri, 05 Jul 1957 23:23:50 GMT
Hal,Sawyer,hal.sawyer@gmail.com,Sat, 10 Dec 1966 03:56:41 GMT
Marlee,Elliott,marlee.elliott@gmail.com,Thu, 21 Aug 1952 19:46:03 GMT
Donnie,Angel,donnie.angel@gmail.com,Thu, 04 Dec 1952 14:45:27 GMT
Pietro,Emerson,pietro.emerson@gmail.com,Wed, 24 Feb 1971 23:31:43 GMT
Jack,Sasha,jack.sasha@gmail.com,Tue, 27 Feb 1996 01:41:43 GMT
Russel,Arden,russel.arden@gmail.com,Mon, 18 Oct 1982 11:31:18 GMT
Karlee,Gray,karlee.gray@gmail.com,Wed, 08 Apr 1987 13:38:38 GMT
Wilfred,Sage,wilfred.sage@gmail.com,Mon, 03 Aug 1998 15:31:13 GMT
Nolan,Kai,nolan.kai@gmail.com,Wed, 15 Jun 1960 22:43:03 GMT
Angelo,Jamie,angelo.jamie@gmail.com,Fri, 21 Feb 1975 08:04:20 GMT
Nettie,Arden,nettie.arden@gmail.com,Fri, 18 Mar 1949 05:20:07 GMT
Corine,James,corine.james@gmail.com,Wed, 10 Jul 1957 23:12:59 GMT
Jennings,Micah,jennings.micah@gmail.com,Thu, 10 Aug 1995 12:55:56 GMT
Lorenzo,Sawyer,lorenzo.sawyer@gmail.com,Thu, 10 Jun 1999 21:15:18 GMT
Delphia,Avery,delphia.avery@gmail.com,Fri, 08 Oct 1954 06:03:29 GMT
Arvel,Gray,arvel.gray@gmail.com,Tue, 12 Aug 1986 20:34:21 GMT
Mellie,Austin,mellie.austin@gmail.com,Sun, 23 May 1993 05:34:52 GMT
Naomie,Hayden,naomie.hayden@gmail.com,Wed, 15 Sep 1999 07:06:32 GMT
Sandy,Sawyer,sandy.sawyer@gmail.com,Thu, 25 Nov 1982 02:42:03 GMT
Alexie,Jordan,alexie.jordan@gmail.com,Sat, 05 Aug 1950 10:54:36 GMT
Vickie,Shiloh,vickie.shiloh@gmail.com,Thu, 02 Sep 1982 16:58:23 GMT
Margot,Phoenix,margot.phoenix@gmail.com,Sun, 15 May 1966 05:43:42 GMT
Hellen,Logan,hellen.logan@gmail.com,Tue, 19 Mar 1968 03:28:46 GMT
Baron,Sasha,baron.sasha@gmail.com,Fri, 23 Sep 1960 17:37:08 GMT
Meredith,Kyle,meredith.kyle@gmail.com,Thu, 17 Mar 1983 15:51:15 GMT
Emmanuelle,Kai,emmanuelle.kai@gmail.com,Sun, 21 Nov 1999 07:40:36 GMT
Kenna,River,kenna.river@gmail.com,Sun, 22 Dec 1957 14:03:13 GMT
Jamaal,Reagan,jamaal.reagan@gmail.com,Tue, 24 Apr 1973 10:09:15 GMT
Adam,Phoenix,adam.phoenix@gmail.com,Fri, 19 Mar 1948 07:48:45 GMT
Else,Kai,else.kai@gmail.com,Wed, 05 Aug 1981 12:02:07 GMT
Darrin,Kai,darrin.kai@gmail.com,Sat, 01 Sep 1945 22:45:16 GMT
Floy,Arden,floy.arden@gmail.com,Thu, 12 Dec 2002 05:49:18 GMT
Mathilde,Elliott,mathilde.elliott@gmail.com,Fri, 17 Aug 1962 07:17:31 GMT
Evans,Skyler,evans.skyler@gmail.com,Sat, 30 Mar 1968 21:11:16 GMT
Theodore,Elliott,theodore.elliott@gmail.com,Tue, 21 Jan 2003 09:45:29 GMT
Yasmine,Ryan,yasmine.ryan@gmail.com,Thu, 07 Nov 1968 05:38:29 GMT
Cynthia,Corey,cynthia.corey@gmail.com,Sun, 19 Sep 1971 18:44:00 GMT
Amaya,Avery,amaya.avery@gmail.com,Wed, 14 Nov 2001 03:44:48 GMT
Myron,Sawyer,myron.sawyer@gmail.com,Thu, 07 Sep 1995 23:47:12 GMT
Dayne,Addison,dayne.addison@gmail.com,Tue, 04 Jan 1972 17:43:04 GMT
Chaz,Shiloh,chaz.shiloh@gmail.com,Wed, 27 Nov 1968 22:15:15 GMT
Eduardo,Blake,eduardo.blake@gmail.com,Wed, 28 Sep 1960 14:11:03 GMT
Josephine,Reagan,josephine.reagan@gmail.com,Fri, 20 Feb 1953 21:54:29 GMT
Mustafa,Marlowe,mustafa.marlowe@gmail.com,Tue, 19 Jul 1966 22:44:03 GMT
Kianna,Reese,kianna.reese@gmail.com,Sat, 12 May 1973 09:03:43 GMT
Frederique,Cameron,frederique.cameron@gmail.com,Wed, 28 Nov 1951 17:29:35 GMT
Peyton,Anderson,peyton.anderson@gmail.com,Sun, 23 Jan 1972 17:21:59 GMT
Willis,Billie,willis.billie@gmail.com,Thu, 31 May 1956 15:30:30 GMT
Josefa,Riley,josefa.riley@gmail.com,Sun, 26 Oct 1952 23:06:45 GMT
Garland,Logan,garland.logan@gmail.com,Mon, 15 Aug 1977 23:02:48 GMT
Bertha,Sawyer,bertha.sawyer@gmail.com,Tue, 25 Apr 1961 20:10:52 GMT
Alexanne,Sawyer,alexanne.sawyer@gmail.com,Tue, 21 Jul 1998 15:26:44 GMT
Brianne,Corey,brianne.corey@gmail.com,Sat, 05 Feb 1966 14:38:07 GMT
Nettie,Elliott,nettie.elliott@gmail.com,Fri, 20 Apr 1956 16:31:21 GMT
Easter,Skyler,easter.skyler@gmail.com,Sat, 28 Oct 1995 01:18:55 GMT
Ed,London,ed.london@gmail.com,Tue, 23 Sep 1969 14:18:18 GMT
Skyla,Charlie,skyla.charlie@gmail.com,Sun, 17 May 1987 08:42:09 GMT
Jerald,Rory,jerald.rory@gmail.com,Tue, 03 Aug 1993 04:50:52 GMT
Ignacio,Jordan,ignacio.jordan@gmail.com,Sun, 20 Jun 1999 12:37:58 GMT
Kaelyn,Nico,kaelyn.nico@gmail.com,Sat, 04 Aug 1951 01:37:53 GMT
Marielle,Finley,marielle.finley@gmail.com,Thu, 24 Jun 1948 22:36:51 GMT
Ayden,Emerson,ayden.emerson@gmail.com,Thu, 28 Oct 1954 00:24:21 GMT
Herbert,Billie,herbert.billie@gmail.com,Thu, 11 Jul 1996 21:08:30 GMT
Cole,Harper,cole.harper@gmail.com,Wed, 13 Nov 1996 01:06:57 GMT
Enrico,Reese,enrico.reese@gmail.com,Sun, 18 Apr 1999 05:28:38 GMT
Herta,Brooklyn,herta.brooklyn@gmail.com,Wed, 06 Nov 1996 18:44:41 GMT
Jalen,Shawn,jalen.shawn@gmail.com,Wed, 03 Jan 1951 05:25:54 GMT
Joanie,Marlowe,joanie.marlowe@gmail.com,Fri, 25 Feb 1983 09:38:11 GMT
Merlin,Elliott,merlin.elliott@gmail.com,Wed, 27 Feb 1985 06:19:25 GMT
Barbara,Reagan,barbara.reagan@gmail.com,Wed, 21 Apr 1976 06:47:52 GMT
Alberta,Quinn,alberta.quinn@gmail.com,Mon, 04 Jun 1973 07:47:00 GMT
Mortimer,Anderson,mortimer.anderson@gmail.com,Mon, 15 Sep 1997 17:10:03 GMT
Finn,London,finn.london@gmail.com,Thu, 20 Dec 1979 05:33:17 GMT
Elva,Nico,elva.nico@gmail.com,Sun, 17 Dec 1950 13:45:25 GMT
Jettie,Austin,jettie.austin@gmail.com,Sat, 12 Sep 1998 18:35:16 GMT
Leone,Quinn,leone.quinn@gmail.com,Thu, 17 Jan 1957 15:16:28 GMT
Myra,Bowie,myra.bowie@gmail.com,Sat, 02 Mar 1968 17:11:21 GMT
Hollie,Noah,hollie.noah@gmail.com,Mon, 27 Nov 1972 14:54:57 GMT
Troy,August,troy.august@gmail.com,Mon, 10 Jun 2002 09:48:45 GMT
Domenica,Reese,domenica.reese@gmail.com,Sun, 12 Dec 1943 14:09:12 GMT
Jermain,Marlowe,jermain.marlowe@gmail.com,Sun, 13 Nov 1977 15:45:35 GMT
Leila,Kai,leila.kai@gmail.com,Tue, 05 Dec 1989 20:20:16 GMT
Annette,Elliott,annette.elliott@gmail.com,Wed, 30 Jun 1993 16:02:00 GMT
Jeremy,Reign,jeremy.reign@gmail.com,Thu, 28 Mar 1974 04:07:50 GMT
Jennie,Skyler,jennie.skyler@gmail.com,Tue, 01 Mar 1988 23:02:30 GMT
Theresia,Jules,theresia.jules@gmail.com,Tue, 31 Jul 1945 06:10:52 GMT
Ona,Angel,ona.angel@gmail.com,Thu, 31 Jul 2003 08:40:46 GMT
Tia,Alex,tia.alex@gmail.com,Sun, 27 Feb 1972 19:38:14 GMT
Herta,Bowie,herta.bowie@gmail.com,Sun, 25 Nov 1962 22:12:41 GMT
Ansel,Shiloh,ansel.shiloh@gmail.com,Mon, 29 Sep 1997 15:40:04 GMT
Lexie,Riley,lexie.riley@gmail.com,Sun, 29 Sep 1968 23:39:07 GMT
Virgil,Jordan,virgil.jordan@gmail.com,Sun, 30 Oct 1949 04:14:30 GMT
Christophe,Reign,christophe.reign@gmail.com,Thu, 05 Jun 1952 21:51:24 GMT
Hazle,Addison,hazle.addison@gmail.com,Tue, 01 May 1956 01:35:07 GMT
Danial,Austin,danial.austin@gmail.com,Fri, 04 Aug 1989 22:36:03 GMT
Margret,Skyler,margret.skyler@gmail.com,Fri, 14 Jul 2000 01:06:07 GMT
Billy,Logan,billy.logan@gmail.com,Thu, 11 Feb 1993 04:33:49 GMT
Tamara,Harper,tamara.harper@gmail.com,Tue, 07 May 1991 06:26:41 GMT
Zion,Finley,zion.finley@gmail.com,Sat, 29 Mar 1947 09:15:12 GMT
Kaylie,North,kaylie.north@gmail.com,Sat, 11 Aug 1956 23:55:22 GMT
Janis,Corey,janis.corey@gmail.com,Thu, 20 Jun 1968 06:34:01 GMT
Rolando,Anderson,rolando.anderson@gmail.com,Thu, 10 Aug 1978 11:50:37 GMT
Dagmar,Ellis,dagmar.ellis@gmail.com,Wed, 08 Feb 1967 03:10:05 GMT
Octavia,Sage,octavia.sage@gmail.com,Wed, 02 Apr 1969 15:46:05 GMT
Marcia,Greer,marcia.greer@gmail.com,Thu, 03 Apr 1986 21:12:14 GMT
Rosemarie,Reese,rosemarie.reese@gmail.com,Mon, 22 Feb 1954 12:58:51 GMT
Ricky,Dakota,ricky.dakota@gmail.com,Sun, 08 Aug 1993 11:46:11 GMT
Lora,Emerson,lora.emerson@gmail.com,Mon, 22 Dec 1997 20:21:19 GMT
Melody,Parker,melody.parker@gmail.com,Tue, 13 Feb 1996 20:26:45 GMT
Madilyn,Reagan,madilyn.reagan@gmail.com,Tue, 17 Jun 1947 06:49:37 GMT
Kennedi,Robin,kennedi.robin@gmail.com,Fri, 24 Nov 1972 04:32:32 GMT
Janet,Brooklyn,janet.brooklyn@gmail.com,Mon, 12 Jan 1981 17:36:25 GMT
Clifton,Jordan,clifton.jordan@gmail.com,Sat, 02 Oct 2004 02:28:13 GMT
Darryl,River,darryl.river@gmail.com,Mon, 08 Apr 1957 03:22:47 GMT
Angelica,Rory,angelica.rory@gmail.com,Fri, 11 Jul 1997 03:00:47 GMT
Stevie,Harper,stevie.harper@gmail.com,Thu, 10 Jun 1948 05:39:22 GMT
Alexie,Ryan,alexie.ryan@gmail.com,Thu, 07 Jun 1951 22:57:02 GMT
Ryleigh,August,ryleigh.august@gmail.com,Wed, 02 Jul 2003 02:26:17 GMT
Kiana,Jamie,kiana.jamie@gmail.com,Sun, 15 Jul 1979 04:46:42 GMT
Oscar,Elliott,oscar.elliott@gmail.com,Tue, 24 Dec 1963 13:29:20 GMT
Trent,Kendall,trent.kendall@gmail.com,Sat, 16 Oct 1993 22:41:57 GMT
Adele,August,adele.august@gmail.com,Sat, 24 Dec 1955 11:16:32 GMT
Hans,Reagan,hans.reagan@gmail.com,Sat, 20 Sep 1952 18:39:26 GMT
Sarah,Brooklyn,sarah.brooklyn@gmail.com,Thu, 21 Jul 1977 14:52:43 GMT
Liam,Emerson,liam.emerson@gmail.com,Tue, 15 Aug 1961 13:59:18 GMT
Amina,Cameron,amina.cameron@gmail.com,Tue, 04 Sep 2001 20:13:36 GMT
Toy,Reagan,toy.reagan@gmail.com,Tue, 03 May 1988 02:04:25 GMT
Marshall,Greer,marshall.greer@gmail.com,Thu, 21 Dec 1950 09:19:19 GMT
Faustino,Leslie,faustino.leslie@gmail.com,Tue, 28 Aug 1973 01:57:39 GMT
Devante,Finley,devante.finley@gmail.com,Sun, 27 Feb 1944 23:39:07 GMT
Carter,Avery,carter.avery@gmail.com,Tue, 03 Dec 1963 17:38:50 GMT
Evert,Corey,evert.corey@gmail.com,Mon, 19 Apr 1993 01:53:52 GMT
Grace,Rowan,grace.rowan@gmail.com,Tue, 29 Dec 1953 02:26:13 GMT
Violette,Brooklyn,violette.brooklyn@gmail.com,Fri, 19 Nov 1993 03:51:11 GMT
Easton,London,easton.london@gmail.com,Tue, 07 Sep 2004 15:39:39 GMT
Maryam,Sage,maryam.sage@gmail.com,Tue, 30 Oct 1951 17:35:10 GMT
William,North,william.north@gmail.com,Mon, 22 Nov 1965 17:42:38 GMT
Sofia,Taylor,sofia.taylor@gmail.com,Fri, 31 Dec 1971 21:37:11 GMT
Meaghan,Shawn,meaghan.shawn@gmail.com,Tue, 02 Jun 1970 16:06:09 GMT
Gina,North,gina.north@gmail.com,Thu, 22 Oct 1970 10:35:13 GMT
Nina,Ryan,nina.ryan@gmail.com,Thu, 25 Dec 1958 17:18:50 GMT
Jamel,Reign,jamel.reign@gmail.com,Sun, 21 Aug 1966 03:37:56 GMT
Mazie,Phoenix,mazie.phoenix@gmail.com,Sun, 02 May 1976 02:22:38 GMT
Angus,Shawn,angus.shawn@gmail.com,Sun, 08 May 1960 12:37:35 GMT
Paxton,Nico,paxton.nico@gmail.com,Sun, 03 Aug 1952 21:23:17 GMT
Mayra,Taylor,mayra.taylor@gmail.com,Sat, 09 Nov 1957 23:58:36 GMT
Santino,Blake,santino.blake@gmail.com,Thu, 30 Dec 1982 18:05:55 GMT
Claude,Kennedy,claude.kennedy@gmail.com,Sun, 10 Mar 1974 15:17:28 GMT
Darrel,Kyle,darrel.kyle@gmail.com,Fri, 27 Apr 1945 03:58:07 GMT
Flo,James,flo.james@gmail.com,Fri, 11 Apr 1947 03:13:33 GMT
Scotty,Jules,scotty.jules@gmail.com,Tue, 20 Aug 1957 10:52:16 GMT
Hermina,Brooklyn,hermina.brooklyn@gmail.com,Sat, 05 May 1962 07:31:55 GMT
Richie,Austin,richie.austin@gmail.com,Sun, 13 Dec 1964 07:38:28 GMT
Bernie,Kyle,bernie.kyle@gmail.com,Wed, 19 Jan 1977 11:53:45 GMT
Esta,Noah,esta.noah@gmail.com,Thu, 17 Aug 1995 23:52:46 GMT
Alberto,Corey,alberto.corey@gmail.com,Tue, 07 Jun 1955 04:52:14 GMT
Levi,Addison,levi.addison@gmail.com,Fri, 06 Aug 1999 08:15:31 GMT
Imani,Elliott,imani.elliott@gmail.com,Tue, 17 Apr 1984 13:54:01 GMT
Juston,Shawn,juston.shawn@gmail.com,Mon, 06 Jul 1992 10:15:50 GMT
Gennaro,Ryan,gennaro.ryan@gmail.com,Tue, 29 Apr 1980 12:41:27 GMT
Karson,Jordan,karson.jordan@gmail.com,Sat, 11 Dec 1993 12:52:50 GMT
Eryn,Dakota,eryn.dakota@gmail.com,Thu, 14 Jun 1979 06:30:55 GMT
Dameon,Kennedy,dameon.kennedy@gmail.com,Tue, 10 Sep 1957 05:01:12 GMT
Trace,Arden,trace.arden@gmail.com,Thu, 20 Jul 1950 11:42:09 GMT
Johnathon,Sawyer,johnathon.sawyer@gmail.com,Tue, 09 Jul 1963 21:00:43 GMT
Raymundo,Quinn,raymundo.quinn@gmail.com,Sun, 23 May 1943 17:01:24 GMT
Emery,River,emery.river@gmail.com,Sun, 25 Sep 1983 10:34:26 GMT
Ludwig,Hayden,ludwig.hayden@gmail.com,Wed, 08 Sep 1982 11:57:28 GMT
Octavia,Kyle,octavia.kyle@gmail.com,Fri, 04 Nov 1949 19:18:42 GMT
Keeley,Rory,keeley.rory@gmail.com,Sat, 05 Sep 1981 16:43:23 GMT
Devon,Reagan,devon.reagan@gmail.com,Thu, 27 Jul 1967 13:17:04 GMT
Holden,Jaden,holden.jaden@gmail.com,Mon, 22 Jun 1998 04:34:41 GMT
Adah,Drew,adah.drew@gmail.com,Sat, 15 Jan 1977 04:11:19 GMT
Anabel,Brooklyn,anabel.brooklyn@gmail.com,Wed, 17 Apr 1991 19:47:11 GMT
Nichole,Elliott,nichole.elliott@gmail.com,Mon, 22 Aug 1955 13:43:31 GMT
Claudia,Greer,claudia.greer@gmail.com,Sat, 16 Apr 1955 21:36:23 GMT
Magdalen,Shawn,magdalen.shawn@gmail.com,Fri, 08 Jan 1943 19:11:10 GMT
Frances,Addison,frances.addison@gmail.com,Mon, 12 Mar 1979 12:22:23 GMT
Monique,Dakota,monique.dakota@gmail.com,Sun, 02 Sep 1984 10:29:23 GMT
Pasquale,Rowan,pasquale.rowan@gmail.com,Mon, 02 Nov 1998 08:54:50 GMT
Elwin,Cameron,elwin.cameron@gmail.com,Thu, 07 Sep 1967 21:13:35 GMT
Alden,Rowan,alden.rowan@gmail.com,Fri, 06 Jan 1956 15:10:56 GMT
Betsy,Brooklyn,betsy.brooklyn@gmail.com,Mon, 10 Sep 1956 23:00:13 GMT
Logan,Corey,logan.corey@gmail.com,Sun, 13 May 1945 05:47:10 GMT
Izabella,Ryan,izabella.ryan@gmail.com,Fri, 15 Oct 1954 05:06:02 GMT
Desiree,Greer,desiree.greer@gmail.com,Sun, 06 Jan 1991 19:10:11 GMT
Hubert,Dakota,hubert.dakota@gmail.com,Sun, 10 Jul 1960 07:53:06 GMT
Alfonso,Reagan,alfonso.reagan@gmail.com,Wed, 16 May 1956 22:29:01 GMT
Alexzander,Shawn,alexzander.shawn@gmail.com,Wed, 07 Sep 1988 07:33:44 GMT
Demario,Greer,demario.greer@gmail.com,Wed, 18 Sep 1968 10:38:00 GMT
Gino,Quinn,gino.quinn@gmail.com,Mon, 17 Aug 1998 23:58:30 GMT
Delaney,Bowie,delaney.bowie@gmail.com,Thu, 19 Apr 1979 05:22:31 GMT
Troy,Taylor,troy.taylor@gmail.com,Mon, 16 Sep 1968 21:03:00 GMT
Oswald,Emerson,oswald.emerson@gmail.com,Mon, 15 Jun 1998 11:43:25 GMT
Alexandra,Skyler,alexandra.skyler@gmail.com,Mon, 09 Jul 1990 13:45:23 GMT
Don,Sawyer,don.sawyer@gmail.com,Thu, 14 Jan 1960 14:12:51 GMT
Kylee,Angel,kylee.angel@gmail.com,Fri, 01 Feb 2002 17:33:59 GMT
Jayden,Kyle,jayden.kyle@gmail.com,Sun, 30 Jan 1977 19:51:21 GMT
Duane,Jules,duane.jules@gmail.com,Mon, 16 Jan 1984 19:54:13 GMT
Henry,Harper,henry.harper@gmail.com,Wed, 30 Apr 1997 23:45:30 GMT
Alberto,Marlowe,alberto.marlowe@gmail.com,Tue, 01 May 1945 03:58:05 GMT
Liana,Skyler,liana.skyler@gmail.com,Thu, 23 Feb 1956 01:43:54 GMT
Betty,Nico,betty.nico@gmail.com,Sat, 18 Sep 1993 23:21:52 GMT
Alison,Anderson,alison.anderson@gmail.com,Wed, 14 Apr 2004 01:10:45 GMT
Shannon,Elliott,shannon.elliott@gmail.com,Sat, 05 Oct 1946 11:05:16 GMT
Valentin,Anderson,valentin.anderson@gmail.com,Thu, 26 Jun 1975 03:00:38 GMT
Clyde,Gray,clyde.gray@gmail.com,Tue, 15 Jun 1999 21:55:39 GMT
Frederick,Sasha,frederick.sasha@gmail.com,Tue, 31 Dec 1963 18:47:03 GMT
Brandon,Marlowe,brandon.marlowe@gmail.com,Thu, 28 Jun 1979 19:09:55 GMT
Karina,Reign,karina.reign@gmail.com,Thu, 21 Jun 1962 09:54:05 GMT
Dedrick,Kennedy,dedrick.kennedy@gmail.com,Wed, 13 Oct 1982 02:47:03 GMT
Geovanni,Taylor,geovanni.taylor@gmail.com,Fri, 26 Jun 1992 01:59:50 GMT
Celestine,Ellis,celestine.ellis@gmail.com,Sun, 03 Jun 1990 22:05:32 GMT
Zena,Parker,zena.parker@gmail.com,Wed, 17 Jun 1981 20:36:55 GMT
Juliet,Charlie,juliet.charlie@gmail.com,Sun, 01 Jan 1956 12:12:28 GMT
Percival,Arden,percival.arden@gmail.com,Mon, 17 Aug 1964 16:16:06 GMT
Caroline,Elliott,caroline.elliott@gmail.com,Tue, 22 May 1962 02:09:38 GMT
Rashawn,Hayden,rashawn.hayden@gmail.com,Fri, 22 Mar 1996 08:32:05 GMT
Ferne,Reese,ferne.reese@gmail.com,Mon, 14 Jul 1986 13:17:04 GMT
Timothy,Anderson,timothy.anderson@gmail.com,Wed, 28 Aug 1985 15:32:14 GMT
Sigurd,Brooklyn,sigurd.brooklyn@gmail.com,Fri, 11 Nov 1960 05:27:29 GMT
Vince,Anderson,vince.anderson@gmail.com,Fri, 02 Jun 1972 07:24:40 GMT
Juanita,Kyle,juanita.kyle@gmail.com,Mon, 19 Jan 1953 22:18:05 GMT
Jamison,Shawn,jamison.shawn@gmail.com,Tue, 07 Apr 1981 20:29:42 GMT
Jo,Blake,jo.blake@gmail.com,Mon, 29 Mar 1976 03:50:24 GMT
Shaun,Corey,shaun.corey@gmail.com,Tue, 02 Dec 2003 07:41:04 GMT
Marianna,River,marianna.river@gmail.com,Fri, 17 Apr 1959 11:17:17 GMT
Concepcion,Sawyer,concepcion.sawyer@gmail.com,Wed, 10 Sep 1980 11:11:05 GMT
Kirk,Reign,kirk.reign@gmail.com,Sun, 22 Jan 1984 12:53:25 GMT
Tianna,Harper,tianna.harper@gmail.com,Sun, 07 Feb 1988 22:30:48 GMT
Orrin,Billie,orrin.billie@gmail.com,Thu, 21 Jan 1965 17:42:44 GMT
Beverly,Taylor,beverly.taylor@gmail.com,Wed, 17 May 1944 19:57:12 GMT
Kayla,Ellis,kayla.ellis@gmail.com,Mon, 01 Aug 2005 07:41:36 GMT
Velma,Shiloh,velma.shiloh@gmail.com,Tue, 05 Dec 1967 15:02:24 GMT
Eloise,North,eloise.north@gmail.com,Fri, 26 Sep 1952 15:37:32 GMT
Nelson,August,nelson.august@gmail.com,Mon, 25 May 1981 18:09:39 GMT
Aryanna,Ellis,aryanna.ellis@gmail.com,Thu, 23 Jun 1994 04:30:56 GMT
Talon,Rowan,talon.rowan@gmail.com,Fri, 01 Sep 1995 21:30:34 GMT
Cicero,Skyler,cicero.skyler@gmail.com,Sun, 11 Sep 1977 14:15:49 GMT
Jodie,Micah,jodie.micah@gmail.com,Tue, 07 Nov 1995 12:03:30 GMT
Kamryn,Gray,kamryn.gray@gmail.com,Sun, 26 Sep 1971 13:09:51 GMT
Wilhelm,Anderson,wilhelm.anderson@gmail.com,Fri, 22 Mar 1946 13:25:15 GMT
Vivianne,Robin,vivianne.robin@gmail.com,Sat, 06 Aug 1960 22:36:31 GMT
Gordon,Angel,gordon.angel@gmail.com,Tue, 13 May 1958 19:29:38 GMT
Aliza,Sasha,aliza.sasha@gmail.com,Thu, 25 Mar 1965 11:05:04 GMT
Britney,Phoenix,britney.phoenix@gmail.com,Sat, 12 Jul 1975 13:02:32 GMT
Rudolph,Noah,rudolph.noah@gmail.com,Fri, 06 Jul 1945 10:34:18 GMT
Damion,Reagan,damion.reagan@gmail.com,Fri, 18 Nov 1983 08:35:24 GMT
Anna,Riley,anna.riley@gmail.com,Tue, 23 Apr 1963 02:19:45 GMT
Gwen,Shawn,gwen.shawn@gmail.com,Thu, 13 Jun 1985 15:24:23 GMT
Rosalia,Jaden,rosalia.jaden@gmail.com,Fri, 25 Apr 2003 13:22:24 GMT
Anabelle,Marlowe,anabelle.marlowe@gmail.com,Wed, 19 Sep 1990 13:17:46 GMT
Jerrod,Reagan,jerrod.reagan@gmail.com,Sat, 08 Mar 2003 18:16:23 GMT
Eileen,Alex,eileen.alex@gmail.com,Fri, 08 Aug 1947 14:42:19 GMT
Asia,Parker,asia.parker@gmail.com,Sat, 05 Oct 1963 10:25:51 GMT
Mertie,Sawyer,mertie.sawyer@gmail.com,Thu, 11 Aug 1988 20:33:28 GMT
Alice,Addison,alice.addison@gmail.com,Thu, 01 Jun 1950 08:09:03 GMT
Mikel,Noah,mikel.noah@gmail.com,Sat, 07 Nov 1953 15:06:20 GMT
Jane,Alex,jane.alex@gmail.com,Sun, 15 Sep 1946 23:09:06 GMT
Irwin,Ellis,irwin.ellis@gmail.com,Mon, 19 Apr 1971 06:56:53 GMT
Carmine,Phoenix,carmine.phoenix@gmail.com,Tue, 20 Aug 1996 01:15:36 GMT
Genoveva,Blake,genoveva.blake@gmail.com,Mon, 24 Dec 1962 06:15:30 GMT
Orpha,Kyle,orpha.kyle@gmail.com,Sat, 09 Aug 2003 07:09:09 GMT
Dana,Cameron,dana.cameron@gmail.com,Mon, 12 Dec 1949 07:28:26 GMT
Alvera,Rowan,alvera.rowan@gmail.com,Tue, 11 Jun 1968 16:57:27 GMT
Myrtle,River,myrtle.river@gmail.com,Wed, 15 May 1946 03:35:04 GMT
Robyn,Bowie,robyn.bowie@gmail.com,Mon, 14 Nov 1955 11:45:02 GMT
Holden,Brooklyn,holden.brooklyn@gmail.com,Wed, 11 Apr 1956 15:10:49 GMT
Ivory,Hayden,ivory.hayden@gmail.com,Wed, 30 Jan 1957 06:47:11 GMT
Pat,Jordan,pat.jordan@gmail.com,Sun, 11 Jul 1993 16:46:37 GMT
Berneice,Taylor,berneice.taylor@gmail.com,Sat, 13 Nov 1965 03:20:31 GMT
Doyle,Alex,doyle.alex@gmail.com,Mon, 20 Sep 1993 11:35:06 GMT
Yoshiko,Noah,yoshiko.noah@gmail.com,Sat, 29 Apr 1944 14:05:27 GMT
Lavon,Billie,lavon.billie@gmail.com,Wed, 17 Sep 1952 01:17:09 GMT
Florian,Robin,florian.robin@gmail.com,Mon, 19 Nov 1984 17:13:00 GMT
Vladimir,Cameron,vladimir.cameron@gmail.com,Thu, 17 Apr 2003 13:31:05 GMT
Letha,Dakota,letha.dakota@gmail.com,Wed, 14 Jan 1998 02:58:02 GMT
Jed,Sasha,jed.sasha@gmail.com,Sun, 09 Aug 1953 05:18:35 GMT
Tressa,Drew,tressa.drew@gmail.com,Thu, 01 Aug 1968 05:29:41 GMT
Juston,Bowie,juston.bowie@gmail.com,Mon, 19 Jun 1995 06:26:13 GMT
Camryn,Noah,camryn.noah@gmail.com,Sat, 18 Sep 1948 21:27:55 GMT
Vincenza,Reign,vincenza.reign@gmail.com,Wed, 15 Jun 1949 15:07:49 GMT
Buster,Blake,buster.blake@gmail.com,Tue, 24 Apr 1984 19:44:55 GMT
Jarod,Bailey,jarod.bailey@gmail.com,Mon, 07 Nov 2005 11:45:38 GMT
Veronica,Nico,veronica.nico@gmail.com,Mon, 22 Aug 1955 05:06:06 GMT
Clare,Riley,clare.riley@gmail.com,Fri, 27 Jan 1984 08:10:30 GMT
Sigrid,Hayden,sigrid.hayden@gmail.com,Thu, 12 Dec 1974 12:53:23 GMT
Marc,Kyle,marc.kyle@gmail.com,Thu, 14 Oct 1948 16:27:40 GMT
Mona,Billie,mona.billie@gmail.com,Thu, 08 Oct 1998 23:53:24 GMT
Kaleb,Micah,kaleb.micah@gmail.com,Fri, 03 Aug 1984 02:47:10 GMT
Rosina,Robin,rosina.robin@gmail.com,Fri, 24 Jul 1998 14:57:55 GMT
Wayne,Blake,wayne.blake@gmail.com,Tue, 21 Aug 1973 02:47:14 GMT
Kamren,Nico,kamren.nico@gmail.com,Fri, 07 Sep 1951 01:16:41 GMT
Ofelia,Sasha,ofelia.sasha@gmail.com,Fri, 06 Oct 1950 00:57:11 GMT
Mitchell,Austin,mitchell.austin@gmail.com,Sun, 04 Feb 1968 09:10:27 GMT
Candido,Addison,candido.addison@gmail.com,Sun, 22 Jun 1952 23:59:17 GMT
Deangelo,Corey,deangelo.corey@gmail.com,Thu, 08 Sep 1994 00:04:15 GMT
Marcelino,Logan,marcelino.logan@gmail.com,Mon, 23 Nov 1998 22:12:53 GMT
Selena,Alex,selena.alex@gmail.com,Fri, 04 Oct 1985 00:20:16 GMT
Francis,Blake,francis.blake@gmail.com,Wed, 03 Sep 1980 06:57:08 GMT
Nelle,Bailey,nelle.bailey@gmail.com,Sat, 17 Feb 1973 16:59:32 GMT
Armani,Bailey,armani.bailey@gmail.com,Mon, 25 Oct 1948 05:24:11 GMT
Marty,Kyle,marty.kyle@gmail.com,Sun, 01 Oct 2000 21:52:28 GMT
Bernhard,Elliott,bernhard.elliott@gmail.com,Tue, 23 Oct 2001 18:14:02 GMT
Ulises,Sage,ulises.sage@gmail.com,Mon, 20 Mar 1995 11:55:49 GMT
Kurt,Blake,kurt.blake@gmail.com,Thu, 23 Apr 1964 20:57:34 GMT
Guido,Reese,guido.reese@gmail.com,Mon, 30 Aug 1976 07:56:29 GMT
Kira,Blake,kira.blake@gmail.com,Wed, 01 Jun 1966 08:14:57 GMT
Charlotte,Noah,charlotte.noah@gmail.com,Tue, 26 Oct 1965 16:03:36 GMT
Travon,Bowie,travon.bowie@gmail.com,Fri, 10 Apr 1987 13:37:43 GMT
Evert,Drew,evert.drew@gmail.com,Thu, 15 Apr 1982 02:36:23 GMT
Otha,Addison,otha.addison@gmail.com,Fri, 29 Sep 1950 20:16:52 GMT
Hannah,Parker,hannah.parker@gmail.com,Sat, 18 Nov 1961 07:55:33 GMT
Floy,August,floy.august@gmail.com,Thu, 07 Nov 1985 08:23:04 GMT
Angelita,Reese,angelita.reese@gmail.com,Sat, 11 Dec 1971 20:48:47 GMT
Mossie,Ryan,mossie.ryan@gmail.com,Tue, 12 Dec 1972 00:30:18 GMT
Lorenza,North,lorenza.north@gmail.com,Fri, 03 May 1957 17:34:25 GMT
Ara,Noah,ara.noah@gmail.com,Wed, 29 Jun 1977 15:00:31 GMT
Maybelle,Rory,maybelle.rory@gmail.com,Thu, 28 Sep 2000 12:35:54 GMT
Bessie,Kennedy,bessie.kennedy@gmail.com,Sat, 16 Sep 1961 14:57:48 GMT
Adolphus,Corey,adolphus.corey@gmail.com,Thu, 28 May 1953 10:23:08 GMT
Abigayle,Sawyer,abigayle.sawyer@gmail.com,Sat, 18 Sep 2004 08:02:44 GMT
Lazaro,Marlowe,lazaro.marlowe@gmail.com,Sun, 24 Sep 1989 16:59:21 GMT
Georgiana,Hayden,georgiana.hayden@gmail.com,Tue, 02 Jan 1968 20:57:21 GMT
Jazmyn,Corey,jazmyn.corey@gmail.com,Sun, 25 Dec 1960 02:30:38 GMT
Wilber,River,wilber.river@gmail.com,Thu, 27 Feb 1964 18:15:56 GMT
Woodrow,Dakota,woodrow.dakota@gmail.com,Wed, 08 Feb 1995 15:21:17 GMT
Joannie,Bailey,joannie.bailey@gmail.com,Sat, 21 Jul 1990 03:30:36 GMT
Mandy,Jules,mandy.jules@gmail.com,Wed, 27 Oct 1999 12:12:17 GMT
Elsie,Avery,elsie.avery@gmail.com,Thu, 10 Feb 2005 03:40:00 GMT
Roosevelt,Nico,roosevelt.nico@gmail.com,Sun, 05 Jun 1977 14:09:04 GMT
Ivory,Reese,ivory.reese@gmail.com,Mon, 09 Nov 1970 19:11:09 GMT
Jody,Rowan,jody.rowan@gmail.com,Sat, 03 Mar 1984 00:39:20 GMT
Nicola,Kennedy,nicola.kennedy@gmail.com,Thu, 17 Jul 1947 23:28:36 GMT
Lawrence,Ryan,lawrence.ryan@gmail.com,Thu, 17 Feb 1972 09:50:16 GMT
German,Harper,german.harper@gmail.com,Wed, 25 Feb 1981 16:38:31 GMT
Layla,Addison,layla.addison@gmail.com,Mon, 05 Mar 1990 05:14:48 GMT
Kacey,August,kacey.august@gmail.com,Fri, 26 Oct 2001 02:03:35 GMT
Otha,Greer,otha.greer@gmail.com,Wed, 11 Dec 1957 00:24:40 GMT
Rosie,Bowie,rosie.bowie@gmail.com,Thu, 02 Sep 1976 02:25:56 GMT
Jalen,Bailey,jalen.bailey@gmail.com,Sat, 13 Nov 2004 19:47:16 GMT
Jaylen,Jamie,jaylen.jamie@gmail.com,Tue, 23 Jul 1963 02:35:38 GMT
Heber,Phoenix,heber.phoenix@gmail.com,Thu, 26 Apr 1945 06:15:18 GMT
Kayley,Harper,kayley.harper@gmail.com,Fri, 08 Aug 1969 07:19:19 GMT
Keara,Sasha,keara.sasha@gmail.com,Fri, 13 Feb 1976 14:26:45 GMT
Delbert,Ellis,delbert.ellis@gmail.com,Thu, 18 Feb 1999 16:07:53 GMT
Adolfo,Harper,adolfo.harper@gmail.com,Sun, 15 Nov 1987 23:07:57 GMT
Justice,Corey,justice.corey@gmail.com,Sun, 06 Aug 1989 19:10:59 GMT
Maryam,Billie,maryam.billie@gmail.com,Tue, 03 Sep 1991 04:31:07 GMT
Javon,August,javon.august@gmail.com,Fri, 09 Apr 1965 02:19:07 GMT
Cielo,Reagan,cielo.reagan@gmail.com,Thu, 12 Apr 2001 08:55:23 GMT
Brionna,Sage,brionna.sage@gmail.com,Tue, 12 Dec 2000 14:13:23 GMT
Armand,Reese,armand.reese@gmail.com,Wed, 09 Mar 1960 21:30:17 GMT
Esteban,Reagan,esteban.reagan@gmail.com,Sun, 03 Jun 1951 06:32:01 GMT
Isaias,Sage,isaias.sage@gmail.com,Wed, 25 Dec 1974 09:20:46 GMT
Abdiel,Reagan,abdiel.reagan@gmail.com,Tue, 24 May 1949 16:21:33 GMT
Velva,Kai,velva.kai@gmail.com,Mon, 10 Oct 1966 01:15:17 GMT
Catherine,Quinn,catherine.quinn@gmail.com,Fri, 26 Mar 1965 20:39:25 GMT
Wendy,Noah,wendy.noah@gmail.com,Wed, 30 Mar 1960 22:14:21 GMT
Pierre,Sasha,pierre.sasha@gmail.com,Wed, 05 Feb 1964 15:21:52 GMT
Luella,Jaden,luella.jaden@gmail.com,Wed, 11 Dec 1968 22:04:20 GMT
Issac,Anderson,issac.anderson@gmail.com,Mon, 31 Oct 1949 16:40:06 GMT
Kailey,Bailey,kailey.bailey@gmail.com,Sun, 16 Nov 2003 05:07:05 GMT
Antwan,Reign,antwan.reign@gmail.com,Sun, 03 Sep 1944 13:47:37 GMT
Eladio,Jaden,eladio.jaden@gmail.com,Fri, 11 Jun 1999 11:46:12 GMT
Alysha,Greer,alysha.greer@gmail.com,Mon, 27 Mar 1967 20:49:32 GMT
Garrison,Ryan,garrison.ryan@gmail.com,Fri, 18 Feb 1994 21:46:09 GMT
Leilani,Jordan,leilani.jordan@gmail.com,Mon, 29 Mar 2004 02:32:38 GMT
Malinda,Kyle,malinda.kyle@gmail.com,Sun, 16 Jun 1963 03:33:22 GMT
Layla,Skyler,layla.skyler@gmail.com,Wed, 08 Sep 2004 01:57:19 GMT
Gavin,Elliott,gavin.elliott@gmail.com,Tue, 14 Dec 1971 12:50:43 GMT
Jessica,North,jessica.north@gmail.com,Sat, 20 Sep 2003 11:00:06 GMT
Floyd,Hayden,floyd.hayden@gmail.com,Thu, 11 Jun 1981 16:46:08 GMT
Darrin,Alex,darrin.alex@gmail.com,Thu, 26 Sep 2002 01:30:24 GMT
Nicholas,Marlowe,nicholas.marlowe@gmail.com,Fri, 02 Jan 1948 14:15:23 GMT
Matilde,Kennedy,matilde.kennedy@gmail.com,Fri, 21 May 1971 01:49:56 GMT
Corrine,Robin,corrine.robin@gmail.com,Wed, 13 Jul 1983 13:56:26 GMT
King,Sawyer,king.sawyer@gmail.com,Wed, 07 Mar 1956 01:39:40 GMT
Cary,Arden,cary.arden@gmail.com,Tue, 02 Oct 1945 02:28:27 GMT
Mary,Hayden,mary.hayden@gmail.com,Wed, 23 Jul 1975 17:46:43 GMT
Murl,River,murl.river@gmail.com,Fri, 30 Mar 1990 15:22:44 GMT
Odell,Alex,odell.alex@gmail.com,Tue, 01 Aug 1944 16:23:24 GMT
Kurt,Bowie,kurt.bowie@gmail.com,Sat, 07 Jun 2003 12:08:13 GMT
Vincenza,Charlie,vincenza.charlie@gmail.com,Fri, 24 Oct 1997 22:27:38 GMT
Martina,Anderson,martina.anderson@gmail.com,Fri, 11 Feb 2005 19:14:45 GMT
Sean,James,sean.james@gmail.com,Fri, 11 Jul 1952 00:29:57 GMT
Gage,Hayden,gage.hayden@gmail.com,Fri, 01 Oct 1948 02:17:53 GMT
Laurianne,Shawn,laurianne.shawn@gmail.com,Mon, 06 Jan 1992 14:07:37 GMT
Craig,Reese,craig.reese@gmail.com,Sun, 28 Jun 1998 09:03:21 GMT
Adele,Angel,adele.angel@gmail.com,Wed, 17 Feb 1982 04:54:19 GMT
Wilfredo,Jaden,wilfredo.jaden@gmail.com,Fri, 03 Dec 1965 23:47:57 GMT
Lavinia,Bowie,lavinia.bowie@gmail.com,Sun, 26 Feb 1989 21:32:32 GMT
Sonya,Billie,sonya.billie@gmail.com,Mon, 16 Jul 1962 05:55:28 GMT
Josianne,Noah,josianne.noah@gmail.com,Sat, 28 Sep 1974 17:57:53 GMT
Tyson,Austin,tyson.austin@gmail.com,Sat, 02 May 1981 11:44:09 GMT
Rylee,Charlie,rylee.charlie@gmail.com,Wed, 05 Dec 1984 09:37:34 GMT
Georgette,Finley,georgette.finley@gmail.com,Sat, 19 Jul 1975 12:03:58 GMT
Rick,Anderson,rick.anderson@gmail.com,Sun, 01 Aug 1982 01:46:34 GMT
Mable,Hayden,mable.hayden@gmail.com,Fri, 21 Feb 1969 03:43:35 GMT
Leonardo,Jamie,leonardo.jamie@gmail.com,Wed, 24 Apr 1968 05:48:00 GMT
Edwardo,Ellis,edwardo.ellis@gmail.com,Wed, 09 Feb 1972 09:56:37 GMT
Skyla,Taylor,skyla.taylor@gmail.com,Wed, 21 Aug 1968 23:41:22 GMT
Jacinto,Riley,jacinto.riley@gmail.com,Fri, 23 Mar 1951 18:47:21 GMT
Niko,Parker,niko.parker@gmail.com,Thu, 12 Dec 2002 12:41:29 GMT
Earline,Bailey,earline.bailey@gmail.com,Wed, 04 Mar 1987 20:19:12 GMT
Bettye,Quinn,bettye.quinn@gmail.com,Wed, 22 Nov 1967 01:14:14 GMT
Vella,Riley,vella.riley@gmail.com,Thu, 02 Sep 1999 07:24:25 GMT
Jessika,Ryan,jessika.ryan@gmail.com,Sun, 17 Nov 1974 06:09:20 GMT
Eliane,Robin,eliane.robin@gmail.com,Wed, 25 Apr 1962 00:58:01 GMT
Lexus,Ellis,lexus.ellis@gmail.com,Fri, 14 May 1999 07:00:38 GMT
Mozelle,Rory,mozelle.rory@gmail.com,Fri, 10 Sep 1993 00:40:00 GMT
Cassandre,Shiloh,cassandre.shiloh@gmail.com,Sun, 07 Nov 1971 06:08:27 GMT
Nikki,Kennedy,nikki.kennedy@gmail.com,Wed, 08 Jun 1955 10:10:15 GMT
Emmanuel,Sasha,emmanuel.sasha@gmail.com,Mon, 08 Jul 1946 07:25:33 GMT
Lucio,Reagan,lucio.reagan@gmail.com,Sat, 31 May 1997 13:29:32 GMT
Toby,Angel,toby.angel@gmail.com,Tue, 19 Jun 1951 02:47:48 GMT
Fern,Austin,fern.austin@gmail.com,Thu, 17 Dec 1998 13:44:05 GMT
Kyra,Sasha,kyra.sasha@gmail.com,Thu, 16 Jul 1953 02:56:58 GMT
Gertrude,Jaden,gertrude.jaden@gmail.com,Mon, 24 Apr 1944 22:08:30 GMT
Amy,Dakota,amy.dakota@gmail.com,Thu, 07 Mar 1985 05:45:06 GMT
Susan,Jaden,susan.jaden@gmail.com,Fri, 19 Feb 1971 15:08:33 GMT
Bernice,Charlie,bernice.charlie@gmail.com,Tue, 21 Apr 1959 07:53:13 GMT
Annamarie,Cameron,annamarie.cameron@gmail.com,Sat, 08 Nov 1952 14:20:22 GMT
Erica,Avery,erica.avery@gmail.com,Tue, 14 Jan 2003 12:32:40 GMT
Lorenzo,Parker,lorenzo.parker@gmail.com,Sat, 04 Jan 1947 00:55:30 GMT
Dariana,Charlie,dariana.charlie@gmail.com,Tue, 03 Aug 1943 08:59:31 GMT
Malvina,Reagan,malvina.reagan@gmail.com,Mon, 17 Dec 1973 14:34:33 GMT
Rashawn,Jordan,rashawn.jordan@gmail.com,Wed, 07 Dec 1966 12:14:16 GMT
Jorge,Alex,jorge.alex@gmail.com,Sun, 08 Feb 1976 08:10:45 GMT
Lexi,Sawyer,lexi.sawyer@gmail.com,Thu, 19 Feb 1953 06:23:31 GMT
Charlotte,Brooklyn,charlotte.brooklyn@gmail.com,Sun, 29 Nov 1970 18:34:54 GMT
Coralie,Corey,coralie.corey@gmail.com,Sun, 05 Mar 1995 13:50:34 GMT
Candace,Noah,candace.noah@gmail.com,Thu, 05 Oct 1989 13:56:42 GMT
Amber,Riley,amber.riley@gmail.com,Thu, 27 Apr 1972 07:49:27 GMT
Tom,Harper,tom.harper@gmail.com,Fri, 27 Apr 1984 16:07:46 GMT
Macie,Finley,macie.finley@gmail.com,Sat, 25 Oct 1975 10:49:36 GMT
Kimberly,Dakota,kimberly.dakota@gmail.com,Tue, 09 Oct 1979 17:00:03 GMT
Westley,Cameron,westley.cameron@gmail.com,Mon, 08 Apr 1968 08:43:57 GMT
Claude,Ellis,claude.ellis@gmail.com,Tue, 28 Aug 1990 11:14:56 GMT
Darwin,London,darwin.london@gmail.com,Mon, 19 Jul 1982 16:30:55 GMT
Stephan,Greer,stephan.greer@gmail.com,Mon, 26 May 1952 01:27:19 GMT
